code,first_name,second_name,web_name,fotmob
1243,Robert,Green,Green,36374
1616,Alexander,Manninger,Manninger,39566
1632,Gareth,Barry,Barry,23782
1718,John,Terry,Terry,30627
1801,Paul,Robinson,Robinson,30622
1822,Shay,Given,Given,24224
2404,Michael,Carrick,Carrick,34944
2513,Jamie,Murphy,Murphy,72464
3201,Stuart,Taylor,Taylor,23793
3736,John,O'Shea,O'Shea,24150
3773,Peter,Crouch,Crouch,30830
5288,Gerhard,Tremmel,Tremmel,33339
5589,Dean,Whitehead,Whitehead,24411
6744,Lee,Grant,Grant,25669
7525,Steven,Pienaar,Pienaar,36012
7551,Joleon,Lescott,Lescott,33086
7638,Mark,Hudson,Hudson,22988
7645,Phil,Jagielka,Jagielka,23268
7906,Damien,Delaney,Delaney,23030
7958,Jermain,Defoe,Defoe,30348
8380,James,Collins,Collins,24751
8432,José,Reina,Reina,30660
9047,Glen,Johnson,Johnson,34036
9089,Ben,Foster,Foster,24147
9110,Shaun,Maloney,Maloney,41061
9808,Zlatan,Ibrahimovic,Ibrahimovic,35724
10318,Maarten,Stekelenburg,Stekelenburg,30841
10460,Grant,Leadbitter,Leadbitter,24413
10589,Brian,Murphy,Brian Murphy,32792
11037,Rickie,Lambert,Lambert,39225
11334,Petr,Cech,Cech,30859
11352,Bruno,Saltor Grau,Bruno,74403
11467,Billy,Jones,Jones,22964
11554,Julian,Speroni,Speroni,22998
11735,Steve,Sidwell,Sidwell,23283
11829,Wayne,Routledge,Routledge,38831
11854,Daryl,Murphy,Murphy,24410
11948,Andy,Lonergan,Lonergan,23184
11974,Eldin,Jakupovic,Jakupović,42247
12002,Stewart,Downing,Downing,30892
12086,Boaz,Myhill,Myhill,23021
12150,Glenn,Whelan,Whelan,23253
12390,Allan,McGregor,McGregor,32496
12413,Robert,Huth,Huth,38899
12496,Víctor,Valdés,Valdés,32657
12679,Michael,Dawson,Dawson,24531
12744,David,Nugent,Nugent,23190
12745,Leighton,Baines,Baines,24846
12813,Jonathan,Walters,Walters,33881
13017,Wayne,Rooney,Rooney,30829
13152,Andy,King,King,103419
14075,Patrice,Evra,Evra,32569
14295,Darren,Fletcher,Fletcher,24148
14664,Gnegneri Yaya,Touré,Yaya Touré,36615
14927,Greg,Halford,Halford,23425
14937,Cristiano Ronaldo,dos Santos Aveiro,Ronaldo,30893
15033,Wes,Morgan,Morgan,23571
15109,Tom,Huddlestone,Huddlestone,24656
15114,Leon,Britton,Britton,23882
15137,Liam,Rosenior,Rosenior,24105
15144,David,Marshall,Marshall,32446
15149,Simon,Francis,Francis,35515
15157,James,Milner,Milner,38807
15208,Bastian,Schweinsteiger,Schweinsteiger,30872
15237,Andrew,Surman,Surman,23629
15276,Joey,Barton,Barton,24205
15633,Alex,Baptiste,Baptiste,24469
15749,Joe,Hart,Hart,31432
15885,Adam,Federici,Federici,38617
15944,Michael,Kightly,Kightly,32148
15982,Dean,Marney,Marney,34437
16045,Ben,Watson,Watson,22991
17127,Per,Mertesacker,Mertesacker,35606
17336,Gaël,Clichy,Clichy,31291
17339,Steven,Davis,Davis,23792
17349,Aaron,Lennon,Lennon,30895
17476,Vincent,Kompany,Kompany,39027
17601,Scott,Carson,Carson,36373
17740,Jesús,Navas,Navas,33991
17745,Kasper,Schmeichel,Schmeichel,37770
17761,James,Tarkowski,Tarkowski,243138
17878,Cesc,Fàbregas,Fàbregas,30613
17997,Phil,Bardsley,Bardsley,36786
18006,Martin,Cranie,Cranie,23300
18008,James,Morrison,Morrison,24171
18073,Mark,Noble,Noble,37169
18155,Mathieu,Flamini,Flamini,23688
18440,Leon,Clarke,Clarke,23342
18499,Michael,McGovern,McGovern,41066
18507,Diego,Da Silva Costa,Diego Costa,19243
18656,Heurelho da Silva,Gomes,Gomes,30455
18665,Alexander,Tettey,Tettey,40100
18726,Artur,Boruc,Boruc,30974
18759,Álvaro,Arbeloa,Arbeloa,37442
18805,Joe,Ledley,Ledley,22929
18832,Richard,Stearman,Stearman,23091
18867,Billy,Sharp,Sharp,23229
18892,Ashley,Young,Young,23354
18987,Robert,Snodgrass,Snodgrass,32728
19057,Sebastian,Larsson,Larsson,35443
19071,Uwe,Hünemeier,Hünemeier,35708
19101,Dimitrios,Konstantopoulos,Konstantopoulos,23504
19115,Curtis,Davies,Davies,24658
19151,Chris,Brunt,Brunt,23257
19159,Ashley,Williams,Williams,24948
19188,Scott,Dann,Dann,23837
19194,David,Martin,Martin,23494
19197,Jason,Puncheon,Puncheon,35345
19236,John,Ruddy,Ruddy,40602
19272,Gareth,McAuley,McAuley,32441
19342,Ikechi,Anya,Anya,24915
19419,Gary,Cahill,Cahill,23783
19520,Ryan,Babel,Babel,30915
19523,Sol,Bamba,Bamba,34654
19524,Santiago,Cazorla,Cazorla,37436
19556,David,Jones,Jones,25415
19568,Ibrahim,Afellay,Afellay,26434
19624,João Filipe Iria,Santos Moutinho,Moutinho,37549
19687,Alex,Bruce,Bruce,35480
19760,Fernando,Llorente,Llorente,33030
19812,Dusan,Kuciak,Kuciak,17869
19838,Robert,Elliot,Elliot,23979
20037,Marc,Pugh,Pugh,24381
20046,Stefano,Okaka,Okaka,27696
20047,Jordan,Rhodes,Rhodes,104258
20066,Wayne,Hennessey,Hennessey,36283
20145,Adrian,Mariappa,Mariappa,23358
20208,Charlie,Adam,Adam,39109
20310,Willy,Caballero,Caballero,28955
20399,Antonio,Barragán,Barragán,35324
20452,Shane,Long,Long,23293
20467,Theo,Walcott,Walcott,31013
20480,Tim,Krul,Krul,24229
20481,Stephen,Ireland,Ireland,24213
20487,Vito,Mannone,Mannone,37233
20529,Glenn,Murray,Murray,35523
20658,Pablo,Zabaleta,Zabaleta,30509
20664,David,Silva,David Silva,37459
20669,Shaun,MacDonald,MacDonald,23895
20695,Antonio,Valencia,Valencia,35327
21083,Nathan,Dyer,Dyer,23305
21123,Valon,Behrami,Behrami,30966
21205,Tom,Heaton,Heaton,24155
21246,Lewis,Grabban,Grabban,37779
26719,Rene,Gilmartin,Gilmartin,22047
26901,Kevin,Mirallas,Mirallas,26151
26921,Arouna,Koné,Koné,30922
27334,Mathieu,Debuchy,Debuchy,26154
27335,Stephan,Lichtsteiner,Lichtsteiner,30474
27341,Yohan,Cabaye,Cabaye,26160
27436,David,McGoldrick,McGoldrick,31922
27462,Jesús,Gámez Duarte,Gámez,33843
27698,Matthew,Connolly,Connolly,23732
27707,Darron,Gibson,Gibson,24156
27770,Birkir,Bjarnason,Bjarnason,40274
27789,Fernando,Luiz Rosa,Fernandinho,40196
28082,Ralf,Fahrmann,Fahrmann,49586
28147,Mohamed,Diamé,Diamé,40015
28160,Mario,Suárez,Suárez,37631
28244,George,Boyd,Boyd,32304
28411,Keylor,Navas,Navas,51949
28448,Lee,Cattermole,Cattermole,25150
28462,Sam,Baldock,Baldock,25025
28468,Craig,Gardner,Gardner,25075
28495,John Obi,Mikel,Mikel,32345
28541,Fraizer,Campbell,Campbell,24157
28554,Samir,Nasri,Nasri,26181
28593,Victor,Anichebe,Anichebe,25666
28609,Adam,Legzdins,Legzdins,38767
28654,Martin,Olsson,Olsson,25667
28690,Pablo,Hernández Domínguez,Hernández,2802
32259,Darren,Randolph,Randolph,37780
32318,Marc,Wilson,Marc Wilson,47418
33148,Claudio,Bravo,Bravo,37421
33871,Ragnar,Klavan,Klavan,26660
34654,Lukas,Jutkiewicz,Jutkiewicz,27568
36903,Gareth,Bale,Bale,31921
37002,Rouwen,Hennings,Hennings,27156
37096,Łukasz,Fabiański,Fabianski,30973
37265,Alexis,Sánchez,Sánchez,50047
37339,Ahmed,El Mohamady,El Mohamady,111930
37388,Marcin,Wasilewski,Wasilewski,13423
37402,Christian,Fuchs,Fuchs,43061
37572,Sergio,Agüero,Agüero,37412
37605,Mesut,Özil,Özil,36378
37614,Mario,Vrancic,Vrancic,36379
37642,Jonny,Evans,Evans,43248
37742,Younes,Kaboul,Kaboul,26108
37748,Bacary,Sagna,Sagna,26111
37869,Ryan,Shawcross,Shawcross,40695
37901,Dimitri,Payet,Payet,25496
37915,Hugo,Lloris,Lloris,26295
37998,Bafétimbi,Gomis,Gomis,26344
38038,Ben,Hamer,Hamer,45571
38290,Danny,Rose,Rose,46353
38411,Nacho,Monreal,Monreal,38521
38419,Loïc,Remy,Remy,39987
38439,Etienne,Capoue,Capoue,41365
38454,Dejan,Lovren,Lovren,114268
38490,Beram,Kayal,Kayal,107132
38499,Tomer,Hemed,Hemed,45204
38533,Rui Pedro,dos Santos Patrício,Patrício,40604
38580,Jose,Fonte,Fonte,26552
38588,Gaetano,Berardi,Berardi,41652
38716,Lee,Peltier,Peltier,40567
39104,Mousa,Dembélé,Dembélé,41008
39155,Adam,Lallana,Lallana,37234
39158,Scott,Arfield,Arfield,37240
39167,Andrea,Ranocchia,Ranocchia,25526
39187,Jeremain,Lens,Lens,42598
39194,Jan,Vertonghen,Vertonghen,37762
39215,Michel,Vorm,Vorm,37193
39253,Jonas,Olsson,Olsson,26527
39270,Marvin,Emnes,Emnes,28108
39472,Dieumerci,Mbokani,Mbokani,38369
39476,Sokratis,Papastathopoulos,Sokratis,39455
39487,Erik,Pieters,Pieters,37194
39725,Anders,Lindegaard,Lindegaard,26818
39790,Francisco,Casilla Cortés,Casilla,40672
39847,Steven,Defour,Defour,39631
40002,Matteo,Darmian,Darmian,46820
40142,Andy,Carroll,Carroll,47382
40145,Jack,Cork,Cork,46008
40146,Ryan,Bertrand,Bertrand,46010
40202,George,Friend,Friend,45588
40232,Gonzalo,Higuaín,Higuaín,25759
40276,Bojan,Krkic Perez,Bojan,96643
40346,Erwin,Mulder,Mulder,112107
40349,Asmir,Begovic,Begovic,46518
40383,Fraser,Forster,Forster,95336
40386,Chris,Basham,Basham,113772
40387,Dan,Gosling,Gosling,46810
40399,Sam,Vokes,Vokes,46898
40451,Anthony,Pilkington,Pilkington,47194
40555,Joe,Allen,Allen,47558
40559,Fabricio,Agosto Ramírez,Fabri,47566
40564,Henri,Lansbury,Lansbury,105825
40616,Stephen,Ward,Ward,33138
40669,Angelo,Ogbonna,Ogbonna,49543
40694,Roberto,Jimenez Gago,Roberto,37623
40720,Edinson,Cavani,Cavani,49677
40725,Danny,Simpson,Simpson,49571
40755,Daniel,Sturridge,Sturridge,51553
40772,Gökhan,Inler,Inler,25818
40784,Mamadou,Sakho,Sakho,94043
40833,Jérémy,Pied,Pied,40537
40836,Vicente,Guaita,Guaita,109222
40845,Dale,Stephens,Stephens,62336
40868,José,Holebas,Holebas,35712
41135,Branislav,Ivanovic,Ivanovic,31306
41184,Marouane,Fellaini,Fellaini,39618
41251,Eduardo,dos Reis Carvalho,Eduardo,43283
41270,David,Luiz Moreira Marinho,David Luiz,52133
41320,Charlie,Daniels,Daniels,68237
41321,Yohan,Benalouane,Benalouane,94326
41328,César,Azpilicueta,Azpilicueta,72541
41338,Craig,Cathcart,Cathcart,40548
41464,Marko,Arnautovic,Arnautovic,110148
41674,Kevin,Long,Long,172323
41705,Bradley,Guzan,Guzan,69650
41725,Troy,Deeney,Deeney,72436
41727,Ryan,Bennett,Bennett,72417
41733,Georginio,Wijnaldum,Wijnaldum,108038
41792,Aaron,Ramsey,Ramsey,75489
41823,Fabian,Delph,Delph,78324
41926,Almen,Abdi,Abdi,25816
41945,Sebastian,Prödl,Prödl,41927
42427,Kieran,Gibbs,Gibbs,78513
42493,Mario,Balotelli,Balotelli,108808
42525,Stephen,Henderson,Henderson,79319
42564,Eric Maxim,Choupo-Moting,Choupo-Moting,95082
42583,Sébastien,Pocognoli,Pocognoli,38795
42593,Aleksandar,Kolarov,Kolarov,16351
42727,Yoan,Gouffran,Gouffran,31292
42738,Juan,Zuñiga,Zuñiga,50074
42748,Gaëtan,Bong,Bong,26222
42774,Morgan,Schneiderlin,Schneiderlin,46893
42786,Eden,Hazard,Hazard,107417
42824,Carlos,Sánchez,Carlos Sánchez,56972
42892,Álvaro,Negredo,Negredo,75310
42899,Sergio,Romero,Romero,109060
42996,Angel,Rangel,Rangel,89185
43020,Javier,Hernández Balcázar,Chicharito,70409
43191,Leiva,Lucas,Lucas,95327
43250,Tom,Cleverley,Cleverley,160713
43252,James,Chester,Chester,163200
43521,Henri,Saivet,Saivet,94010
43626,Håvard,Nordtveit,Nordtveit,37292
43670,Juan,Mata,Mata,41468
43693,Martín,Cáceres,Cáceres,96616
43808,Markus,Suttner,Suttner,45254
44302,Adlène,Guédioura,Guédioura,131409
44336,Sofiane,Feghouli,Feghouli,93480
44343,Bakary,Sako,Sako,46417
44346,Olivier,Giroud,Giroud,46469
44413,Steve,Mandanda,Mandanda,31293
44604,Nordin,Amrabat,Amrabat,46120
44683,Jay,Rodriguez,Rodriguez,109491
44699,Ashley,Barnes,Barnes,107280
45034,Ivan,Perišić,Perišić,163670
45076,Lamine,Koné,Koné,93457
45124,André,Ayew,A.Ayew,95955
45196,Gary,Madine,Madine,115977
45220,Alex,Smithies,Smithies,103027
45268,Moussa,Sissoko,Sissoko,94550
46483,Adrien,Silva,Silva,40930
46695,Ritchie,de Laet,de Laet,67850
47247,John,Fleck,Fleck,97194
47390,Neil,Taylor,Taylor,102356
47431,Willian,Borges da Silva,Willian,94086
48332,Orestis,Karnezis,Karnezis,13033
48615,Harry,Arter,Arter,155129
48717,Winston,Reid,Reid,35110
48760,Mathias,Jorgensen,Zanka,71908
48771,Emilio,Nsue Lopez,Nsue,103904
48773,Siem,de Jong,de Jong,103899
48844,David,Ospina,Ospina,50065
48860,Niki,Mäenpää,Mäenpää,45836
49013,Victor,Moses,Moses,106228
49083,Luke,Freeman,Freeman,106954
49195,Jefferson,Montero,Montero,52563
49202,Sean,Scannell,Scannell,113866
49207,Rudy,Gestede,Gestede,107415
49262,Jason,Steele,Steele,107917
49277,Leroy,Fer,Fer,109638
49382,Bruno,Ecuele Manga,Ecuele Manga,41083
49384,Jack,Rodwell,Rodwell,109058
49413,James,Tomkins,Tomkins,109897
49438,Jordon,Mutch,Mutch,149917
49440,Hal,Robson-Kanu,Robson-Kanu,113005
49464,Cristhian,Stuani,Stuani,58294
49539,Kyle,Naughton,Naughton,111800
49579,Pedro,Rodríguez Ledesma,Pedro,150250
49688,Alfred,N'Diaye,N'Diaye,111801
49696,Mauro,Zárate,Zárate,18506
49773,Albert,Adomah,Adomah,113003
49806,David Junior,Hoilett,Hoilett,113465
49845,Aron,Gunnarsson,Gunnarsson,110169
49944,Jake,Livermore,Livermore,115681
49957,Kamil,Grosicki,Grosicki,69541
49982,Sean,Morrison,Morrison,117545
50089,Geoff,Cameron,Cameron,119541
50093,David,Button,Button,111027
50175,Danny,Welbeck,Welbeck,113836
50229,Matt,Phillips,Phillips,127133
50232,Jonjo,Shelvey,J.Shelvey,127130
50471,James,McArthur,McArthur,28901
50472,James,McCarthy,McCarthy,101192
51090,Thiago,Emiliano da Silva,T.Silva,80562
51344,Rajiv,van La Parra,van La Parra,143945
51507,Laurent,Koscielny,Koscielny,46539
51917,Diego,Cavalieri,Cavalieri,19457
51927,Ben,Mee,Mee,240538
51934,Ron-Robert,Zieler,Zieler,41087
51938,Marc,Albrighton,Albrighton,139671
51940,David,De Gea Quintana,De Gea,182917
51943,Václav,Hladký,Hladký,246557
52153,Miguel,Britos,Britos,114769
52287,Evandro,Goebel,Evandro,19264
52484,Leon,Balogun,Balogun,147726
52538,Fernando Francisco,Reges,Fernando,101103
52775,Nicolas,Nkoulou,Nkoulou,149962
52940,Daryl,Janmaat,Janmaat,104482
53371,David,Meyler,Meyler,131583
54102,Jack,Wilshere,Wilshere,143793
54284,Chris,Löwe,Löwe,265363
54316,Leonardo,Ulloa,Ulloa,26554
54421,Floyd,Ayité,Ayité,131991
54469,Adam,Smith,Smith,160447
54484,Francisco,Femenía Far,Femenía,175311
54513,Vicente,Iborra,Iborra,111237
54527,Loïc,Damour,Damour,144987
54694,Pierre-Emerick,Aubameyang,Aubameyang,150565
54738,Thomas,Kaminski,Kaminski,131408
54756,Victor,Wanyama,Wanyama,166676
54764,Jonathan,Kodjia,Kodjia,156666
54771,Fabio Pereira,da Silva,Fabio,150176
54861,Christian,Benteke,Benteke,148315
54908,Nacer,Chadli,Chadli,110189
55037,Cheikhou,Kouyaté,Kouyaté,148302
55038,Kevin,McDonald,McDonald,28109
55313,Franck,Tabanou,Tabanou,145070
55317,Bernardo,Espinosa Zúñiga,Bernardo,150764
55422,Gylfi,Sigurdsson,Sigurdsson,157729
55452,Yannick,Bolasie,Bolasie,160194
55459,Aaron,Cresswell,Cresswell,155782
55494,Joel,Ward,Ward,146830
55605,Toby,Alderweireld,Alderweireld,160599
55829,Claudio,Yacob,Yacob,113968
55909,Chris,Smalling,Smalling,165823
55914,Liam,Cooper,Cooper,150591
56192,Rhu-endly,Martina,Cuco Martina,149855
56377,Andriy,Yarmolenko,Yarmolenko,132035
56827,Costel,Pantilimon,Pantilimon,103428
56864,Francis,Coquelin,Coquelin,159594
56872,Junior,Stanislas,Stanislas,160496
56917,Steve,Cook,Cook,156013
56979,Jordan,Henderson,Henderson,156008
56981,Joe,Bennett,Bennett,156007
56983,Matt,Ritchie,Ritchie,155913
57001,Wilfried,Bony,Bony,143365
57112,Eliaquim,Mangala,Mangala,156551
57127,Teemu,Pukki,Pukki,66578
57134,Salomón,Rondón,Rondón,51545
57145,Federico,Fernández,Fernández,155050
57187,Giedrius,Arlauskis,Arlauskis,80265
57249,Henrikh,Mkhitaryan,Mkhitaryan,73167
57328,Nathaniel,Clyne,Clyne,157838
57410,Nicolás,Otamendi,Otamendi,174321
57513,Jonas,Lössl,Lössl,120598
57531,Michail,Antonio,Antonio,158545
57586,Luciano,Narsingh,Narsingh,158581
57647,Lyle,Taylor,Lyle Taylor,156937
57736,Jan,Kirchhoff,Kirchhoff,158879
57913,Barry,Douglas,Douglas,142282
58376,Alex,McCarthy,McCarthy,119079
58476,Rui Pedro,da Rocha Fonte,Fonte,159598
58498,Odion,Ighalo,Ighalo,101419
58621,Kyle,Walker,Walker,159833
58771,Jack,Colback,Colback,160243
58786,Martin,Kelly,Kelly,154271
58791,Ryan,Mason,Mason,160448
58822,Cédric,Alves Soares,Cédric,160627
58845,Ciaran,Clark,Clark,161414
58877,Daley,Blind,Blind,161012
58893,Marcos,Rojo,Rojo,161035
59044,Adam,Clayton,Clayton,161659
59115,Mile,Jedinak,Jedinak,8985
59125,Connor,Wickham,Wickham,169721
59614,Mark,Duffy,Duffy,50832
59735,Karl,Darlow,Darlow,163604
59741,Max,Gradel,Gradel,46349
59779,Pedro,Obiang,Obiang,163919
59796,Gökhan,Töre,Töre,164385
59846,Ander,Herrera,Herrera,164676
59856,Abel,Hernández,Hernández,105548
59859,İlkay,Gündoğan,Gündoğan,178818
59940,Kyle,Bartley,Bartley,165704
59949,Séamus,Coleman,Coleman,77690
59966,Alexandre,Lacazette,Lacazette,169193
60025,James,Rodríguez,James,164684
60165,Wahbi,Khazri,Khazri,166019
60232,Craig,Dawson,Dawson,169162
60252,Andros,Townsend,Townsend,166422
60270,Simone,Zaza,Zaza,166595
60307,Pascal,Groß,Gross,167008
60551,Ashley,Westwood,Westwood,182223
60586,Jóhann Berg,Gudmundsson,Gudmundsson,129915
60598,Aleksandar,Dragovic,Dragovic,128106
60689,Chris,Wood,Wood,169719
60706,Adrián,San Miguel del Castillo,Adrián,169756
60772,Thibaut,Courtois,Courtois,170323
60794,Adam,Matthews,Matthews,170593
60914,Joel,Matip,Matip,171698
61256,Carlos Henrique,Casimiro,Casemiro,208494
61262,Oscar,dos Santos Emboaba Junior,Oscar,128864
61302,Ryan,Allsop,Allsop,172284
61316,Jose Luis,Mato Sanmartín,Joselu,172321
61366,Kevin,De Bruyne,De Bruyne,169200
61538,Callum,McManaman,McManaman,172841
61548,Manolo,Gabbiadini,Gabbiadini,172899
61558,Thiago,Alcántara do Nascimento,Thiago,172949
61566,Roberto,Pereyra,Pereyra,210278
61595,Marc,Muniesa,Muniesa,173382
61600,Romaine,Sawyers,Sawyers,173410
61603,Daniel,Drinkwater,Drinkwater,173317
61604,Matty,James,James,173408
61739,Maxime,Le Marchand,Le Marchand,173952
61760,Kristoffer,Nordfeldt,Nordfeldt,73462
61810,Pontus,Jansson,Jansson,174031
61858,Mame Biram,Diouf,Diouf,72735
61916,Stefan,Johansen,Johansen,70078
61933,Shane,Duffy,Duffy,174325
62398,Nemanja,Matic,Matic,115067
62399,Dusan,Tadic,Tadic,94267
62974,Erik,Lamela,Lamela,174850
63370,James,McClean,McClean,175947
63426,Enda,Stevens,Stevens,141576
66242,Davy,Pröpper,Pröpper,178765
66247,Marvin,Zeegelaar,Zeegelaar,180236
66588,Luke,Ayling,Ayling,190666
66733,Juan,Cuadrado,Cuadrado,155066
66749,Romelu,Lukaku Bolingoli,Lukaku,181276
66797,Simon,Mignolet,Mignolet,37868
66838,Cenk,Tosun,Tosun,178776
66842,André,Schürrle,Schürrle,178812
66975,Luka,Milivojevic,Milivojevic,163616
67089,Martin,Dúbravka,Dúbravka,72241
67184,Roderick Jefferson,Gonçalves Miranda,Miranda,181548
67527,Allan-Roméo,Nyom,Nyom,213809
68312,Xherdan,Shaqiri,Shaqiri,176300
68983,Matthew,Lowton,Lowton,183715
69140,Shkodran,Mustafi,Mustafi,184999
69143,Juraj,Kucka,Kucka,72518
69752,Norberto,Murara Neto,Neto,176186
69960,Philipp,Wollscheid,Wollscheid,200962
71738,Marco,Stiepermann,Stiepermann,189909
72147,Marco,Bizot,M.Bizot,195782
72222,Mateusz,Klich,Klich,159342
72681,Denis,Odoi,Odoi,149150
73314,Willian José,Da Silva,Willian José,179083
73426,Andre,Gray,Gray,180259
73459,Ashley Darel Jazz,Richards,Jazz Richards,180162
73494,Grzegorz,Krychowiak,Krychowiak,154232
73889,Diafra,Sakho,Sakho,192899
74033,Sam,Clucas,Clucas,179028
74208,Paul,Pogba,Pogba,248453
74230,Patrick,van Aanholt,van Aanholt,180330
74297,Leandro,Bacuna,Bacuna,183500
74375,Ezequiel,Schelotto,Schelotto,182765
74471,Aaron,Mooy,Mooy,231592
74854,Simon,Moore,Moore,180646
74944,Sam,Morsy,Morsy,185326
75115,Callum,Wilson,Wilson,184321
75773,Chung-yong,Lee,Lee Chung-yong,130670
75826,Danny,Ward,Ward,181234
75880,Daniel,Ayala,Ayala,181379
76306,Lukas,Rupp,Rupp,182892
76357,Tom,Cairney,Cairney,182962
76359,Phil,Jones,Jones,186137
76360,Nathaniel,Mendez-Laing,Mendez-Laing,206435
76542,Sung-yueng,Ki,Ki Sung-yueng,144996
77359,Florian,Lejeune,Lejeune,184521
77454,Fabio,Borini,Borini,184822
77610,Danny,Batth,Batth,185008
77760,Cristian,Gamboa,Gamboa,114076
77762,Bryan,Oviedo,Oviedo,193859
77777,Ahmed El-Sayed,Hegazy,Hegazi,297556
77794,Kieran,Trippier,Trippier,191869
77818,James,Shea,Shea,239759
78007,Joshua,King,King,185236
78056,Oriol,Romeu Vidal,Romeu,212470
78091,Gastón,Ramírez,Ramírez,190872
78315,Joel,Robles,Robles,186054
78356,Charlie,Austin,Austin,187266
78412,Shinji,Okazaki,Okazaki,20694
78607,Kenny,McLean,McLean,190851
78830,Harry,Kane,Kane,194165
78911,Kadeem,Harris,Harris,188055
78916,Dan,Burn,Burn,188058
79228,Pape,Souaré,Souaré,183519
79602,Daniel,Bentley,Bentley,189103
79619,Jonathan,Hogg,Hogg,189074
79733,Scott,Malone,Malone,171084
79852,Jed,Steer,Steer,190142
79934,Oliver,Norwood,Norwood,210971
80146,Jordan,Ayew,J.Ayew,154280
80179,Adam,Forshaw,Forshaw,191175
80183,Luke,Garbutt,Garbutt,191132
80201,Bernd,Leno,Leno,215168
80226,Serge,Aurier,Aurier,195299
80254,Carl,Jenkinson,Jenkinson,214685
80447,Maya,Yoshida,Yoshida,72665
80498,Eunan,O'Kane,O'Kane,192780
80607,Christian,Eriksen,Eriksen,157723
80711,Yaya,Sanogo,Sanogo,192921
80755,Danny,Williams,Williams,193176
80788,Daniel,Lafferty,Lafferty,193501
80789,Jordi,Amat,Amat,193223
80792,Greg,Cunninghamm,Cunningham,193531
80801,Idrissa Gana,Gueye,Gana,179410
80935,Papy,Djilobodji,Djilobodji,193866
80954,Rodrigo,Moreno,Rodrigo,193869
81012,Ryan,Fredericks,Fredericks,194323
81048,Josip,Drmic,Drmic,194533
81061,Michael,Simões Domingues,Mika,194632
81183,Matej,Vydra,Vydra,196308
81205,Mislav,Orsic,Orsic,184595
81441,Mark,Gillespie,Gillespie,195668
81880,Alex,Oxlade-Chamberlain,Chamberlain,196386
82078,Kenneth,Zohore,Zohore,194986
82143,Wes,Foderingham,Foderingham,212944
82257,Raphael,Spiegel,Spiegel,198033
82263,Marcos,Alonso,Alonso,196169
82403,Wilfried,Zaha,Zaha,198510
82428,Marten,de Roon,de Roon,198559
82514,Tim,Ream,Ream,198444
82660,Marco,Van Ginkel,Van Ginkel,199291
82691,George,Baldock,Baldock,199494
82738,Luke,Berry,Berry,185349
82771,Markus,Henriksen,Henriksen,157101
83091,Borja,González Tomás,Bastón,200917
83283,Nathan,Redmond,Redmond,201664
83299,Lewis,Dunk,Dunk,201690
83312,Ben,Gibson,Gibson,201738
83314,Jeff,Hendrick,Hendrick,201734
83427,Jack,Robinson,Robinson,202181
83428,Grant,Hanley,Hanley,202180
83543,Anthony,Knockaert,Knockaert,202562
84112,Collin,Quaner,Quaner,212905
84182,Alphonse,Areola,Areola,210164
84384,Timm,Klose,Klose,178206
84395,Florin,Gardos,Gardos,215245
84450,Granit,Xhaka,Xhaka,207236
84583,Philippe,Coutinho Correia,Coutinho,184536
84915,Michael,Hector,Hector,214617
84939,Danny,Ings,Ings,214426
85017,Tendayi,Darikwa,Darikwa,211837
85128,Connor,Goldson,Goldson,215127
85242,Conor,Hourihane,Hourihane,207758
85352,Bruno,Martins Indi,Martins Indi,212511
85368,Christopher,Schindler,Schindler,212890
85624,Christian,Kabasele,Kabasele,149219
85633,Matz,Sels,Sels,181069
85654,Jordy,Clasie,Clasie,209384
85955,Jorge Luiz,Frello Filho,Jorginho,282775
85971,Son,Heung-min,Son,212867
86129,Kalidou,Koulibaly,Koulibaly,210428
86153,Martín,Montoya,Montoya,213688
86173,Manuel,Agudo Durán,Nolito,213486
86176,Tom,Ince,Ince,212714
86417,Jeffrey,Schlupp,Schlupp,214570
86431,Brice,Dja Djédjé,Dja Djédjé,210691
86873,Benjamin,Lecomte,Lecomte,210114
86881,Nampalys,Mendy,Mendy,210128
86934,Manuel,Lanzini,Lanzini,210276
87107,Cyrus,Christie,Christie,212418
87121,Kieron,Freeman,Freeman,214574
87396,Moritz,Leitner,Leitner,212892
87428,Elias,Kachunga,Kachunga,215804
87447,Muhamed,Bešić,Bešić,212866
87835,Matt,Doherty,Doherty,239920
87856,Michael,Hefele,Hefele,276763
87873,Stuart,Dallas,Dallas,266146
88170,Jiri,Skalak,Skalak,212157
88175,Lovre,Kalinic,Kalinic,239792
88248,Stefan,Ortega Moreno,Ortega Moreno,276729
88482,Álvaro,Morata,Morata,213501
88484,Pablo,Sarabia,Sarabia,240054
88498,Benik,Afobe,Afobe,232253
88734,Neil,Etheridge,Etheridge,214938
88894,Ross,Barkley,Barkley,215384
88898,Moses,Odubajo,Odubajo,215390
88900,Jack,Stephens,Stephens,215387
88935,Steven,Berghuis,Berghuis,209786
89068,Layvin,Kurzawa,Kurzawa,215798
89076,Remo,Freuler,Freuler,201704
89085,Nathaniel,Chalobah,Chalobah,215658
89274,José Ignacio,Peleteiro Romallo,Jota,244563
89335,Saúl,Ñíguez,Saúl,309334
89470,Onel,Hernández,Hernández,229711
89572,Denis,Suárez,Suárez,282281
90105,Ryan,Fraser,Fraser,230916
90152,Raphaël,Varane,R.Varane,230982
90263,James,Husband,Husband,231202
90440,Tom,Trybull,Trybull,243828
90517,Robbie,Brady,Brady,231801
90518,Ravel,Morrison,Morrison,231804
90585,Willy,Boly,Boly,246331
90714,Ahmed,Musa,Musa,232103
91046,Cauley,Woodrow,Woodrow,282276
91047,Stuart,Armstrong,S.Armstrong,237563
91126,Will,Keane,Keane,290409
91651,Mateo,Kovačić,Kovačić,239219
91889,Niclas,Füllkrug,Füllkrug,276791
91972,Saido,Berahino,Berahino,239807
91979,Jon,Flanagan,Flanagan,239856
92159,Jetro,Willems,Willems,240205
92170,Massadio,Haidara,Haidara,240236
92217,Roberto,Firmino,Firmino,242709
92259,Neeskens,Kebano,Kebano,240478
92293,Omar,Elabdellaoui,Elabdellaoui,240539
92371,Pablo,Marí Villar,Pablo Marí,299981
92383,Nahki,Wells,Wells,243132
93001,Konstantinos,Stafylidis,Stafylidis,282182
93100,Jannik,Vestergaard,Vestergaard,205893
93127,Jesé,Rodríguez Ruiz,Jesé,281085
93264,Eric,Dier,Dier,361315
93284,Florin,Andone,Andone,599425
93464,Tom,Carroll,Carroll,212702
94147,Conor,Coady,Coady,247761
94245,Michy,Batshuayi,Batshuayi,248689
94248,Sergio,Rico,Rico,300532
94924,Gerard,Deulofeu,Deulofeu,251925
94926,Freddie,Ladapo,Ladapo,418605
95463,Danny,Ward,Ward,254472
95508,Fredrik,Ulvestad,Ulvestad,180283
95658,Harry,Maguire,Maguire,255610
95715,Lucas,Rodrigues Moura da Silva,Lucas Moura,215299
96305,Jay,Fulton,Fulton,259809
96306,Stephen,Kingsley,Kingsley,259810
96764,M'Baye,Niang,Niang,46241
96767,Dimitri,Foulquier,Foulquier,261609
96778,Adam,Reach,Reach,261801
96784,Jordan,Clark,Clark,259301
96787,Mohamed,Elyounoussi,Elyounoussi,261936
96994,Bobby,De Cordova-Reid,De Cordova-Reid,262550
97032,Virgil,van Dijk,Virgil,209405
97296,Tommie,Hoban,Hoban,263651
97299,John,Stones,Stones,263653
97485,Kevin,Wimmer,Wimmer,264221
97615,Mike,van der Hoorn,van der Hoorn,264860
97846,Alex,Cairns,Cairns,279481
98745,Héctor,Bellerín,Bellerín,427438
98747,Nick,Pope,Pope,280484
98770,Ørjan,Nyland,Nyland,73409
98780,Juan Carlos,Paredes,Paredes,165773
98914,Guido,Carrillo,Carrillo,267894
98980,Emiliano,Martínez Romero,Martinez,268375
99127,Joel,Campbell,Campbell,242094
99323,Lazar,Markovic,Markovic,280260
100059,Alberto,Moreno,Moreno,314605
100180,Danilo Luiz,da Silva,Danilo,208077
100412,André,Carrillo,Carrillo,246414
100649,Bernard,Anício Caldeira Duarte,Bernard,265116
101061,Philip,Heise,Heise,276700
101105,Joe,Bryan,Bryan,298676
101148,Jamaal,Lascelles,Lascelles,279489
101178,James,Ward-Prowse,Ward-Prowse,279490
101179,Lloyd,Isgrove,Isgrove,449231
101184,Calum,Chambers,Chambers,425255
101188,Lucas,Digne,Digne,210111
101338,Marcel,Sabitzer,Sabitzer,215151
101394,Okay,Yokuslu,Yokuslu,214339
101537,Felipe Anderson,Pereira Gomes,Felipe Anderson,230190
101582,Frederico,Rodrigues de Paula Santos,Fred,322049
101668,Jamie,Vardy,Vardy,286119
101982,Sam,Johnstone,Johnstone,280287
102057,Raúl,Jiménez Rodríguez,Raúl,292313
102366,Moritz,Bauer,Bauer,274779
102380,Antonio,Rüdiger,Rüdiger,276738
102549,Adam,Davies,A.Davies,401932
102738,Giannelli,Imbula,Imbula,186831
102747,Djibril,Sidibé,Sidibé,242156
102826,Benjamin,Mendy,Mendy,280965
102836,Brice,Samba,Samba,279714
102884,Paulo,Gazzaniga Farias,Gazzaniga,278285
103025,Riyad,Mahrez,Mahrez,278343
103100,Jonathan,Williams,Williams,281480
103123,Sébastien,Haller,Haller,352968
103127,Molla,Wagué,Wagué,279873
103192,Kurt,Zouma,Zouma,281207
103912,Jordon,Ibe,Ibe,280653
103914,Charlie,Taylor,Taylor,289137
103955,Raheem,Sterling,Sterling,246575
104047,Pelly Ruddock,Mpanzu,Mpanzu,498532
104073,Joe,Ralls,Ralls,291622
104535,Harry,Bunn,Bunn,295066
104542,Loris,Karius,Karius,287894
104545,Tommy,Smith,Smith,38704
104547,Dwight,Gayle,Gayle,363340
104953,Christian,Atsu,Atsu,242887
105377,Ezgjan,Alioski,Alioski,406283
105666,Jack,Butland,Butland,288880
105700,Davide,Zappacosta,Zappacosta,244811
105717,Arthur,Masuaku,Masuaku,418137
106449,Kevin,Stewart,Stewart,289817
106450,Alex,Pritchard,Pritchard,289819
106468,Álex,Moreno Lopera,Alex Moreno,477588
106603,Ezekiel,Fryers,Fryers,290411
106606,Massimo,Luongo,Luongo,305219
106611,Michael,Keane,Keane,290410
106617,Patrick,Bamford,Bamford,302241
106618,Paul,Dummett,Dummett,308932
106757,Jürgen,Locadia,Locadia,289441
106760,Luke,Shaw,Shaw,362694
106824,Memphis,Depay,Depay,303824
106837,Dennis,Praet,Praet,282012
106899,Roque,Mesa,Mesa,292262
107265,Angus,Gunn,Gunn,760746
107613,Romain,Saïss,Saïss,292678
108053,Conor,Townsend,Townsend,295069
108093,Luciano,Vietto,Vietto,294003
108156,Björn,Engels,Engels,294254
108411,Dan,Potts,Potts,295060
108413,Will,Hughes,Hughes,295067
108416,John,Egan,Egan,295062
108438,Sandro,Ramírez,Sandro,477615
108796,Tom,Lockyer,Lockyer,369761
108813,Christian,Walton,Walton,512013
108823,Dele,Alli,Dele,363333
108824,Brendan,Galloway,Galloway,316688
109065,Davy,Klaassen,Klaassen,298448
109322,Jesse,Lingard,Lingard,299215
109345,Solly,March,March,416850
109434,Terence,Kongolo,Kongolo,299572
109528,Javier,Manquillo Gaitán,Manquillo,299984
109533,Emerson,Palmieri dos Santos,Emerson,267371
109638,Kean,Bryan,Bryan,760740
109646,Tosin,Adarabioyo,Tosin,683402
109745,Kepa,Arrizabalaga Revuelta,Arrizabalaga,317564
109788,João Mário,Naval Costa Eduardo,João Mário,300916
109999,Ibrahima,Cissé,Cissé,300977
110504,Bertrand,Traoré,Bertrand Traoré,303059
110735,Adam,Webster,Webster,303346
110979,Sadio,Mané,Mané,303339
111234,Jordan,Pickford,Pickford,303919
111291,Fernando,Marçal,Marçal,304014
111317,David,Brooks,Brooks,674014
111452,Odysseas,Vlachodimos,Odysseas,304355
111457,Sead,Kolasinac,Kolasinac,304345
111478,Joël,Veltman,Veltman,304455
111773,Emil,Krafth,Krafth,259306
111782,Robin,Olsen,Olsen,120569
111787,Modou,Barrow,Barrow,313668
111847,Adama,Diomande,Diomande,122052
111931,Ricardo,Barbosa Pereira,Ricardo,306128
112139,James,Wilson,Wilson,532741
112316,Jakob,Haugaard,Haugaard,188971
112338,Emre,Can,Can,307021
112507,Jack,Rose,Rose,597730
112516,Isaiah,Brown,Brown,432421
112520,Alex,Palmer,Palmer,643228
113534,Matt,Macey,Macey,309517
113564,Sam,Byram,Byram,363318
113688,Oumar,Niasse,Niasse,306913
114000,George,Honeyman,Honeyman,617219
114054,Omar,Bogle,Bogle,306913
114093,Matthew,Pennington,Pennington,516273
114128,Jonathan,Castro Otto,J.Otto,360918
114241,Harry,Toffolo,Toffolo,575804
114243,Jacob,Murphy,J.Murphy,521148
114245,Josh,Murphy,Murphy,492045
114283,Jack,Grealish,Grealish,312765
114536,Ryan,Inniss,Inniss,314389
115357,Mouez,Hassen,Hassen,352860
115382,Neal,Maupay,Maupay,391064
115556,Ben,Davies,Davies,276121
115854,Duncan,Watmore,Watmore,520230
115858,Rachid,Ghezzal,Ghezzal,210120
115918,Rúnar Alex,Rúnarsson,Rúnarsson,316847
116216,Leandro,Trossard,Trossard,318615
116404,Felipe Augusto,de Almeida Monteiro,Felipe,268212
116535,Alisson,Becker,A.Becker,319784
116543,Valentino,Lazaro,Lazaro,321140
116594,N'Golo,Kanté,Kanté,319300
116643,Fabio Henrique,Tavares,Fabinho,359188
118335,Abdul Rahman,Baba,Baba,324910
118342,Mark,Flekken,Flekken,330643
118748,Mohamed,Salah,M.Salah,292462
118884,Erik,Durm,Durm,331528
119471,Fabian,Schär,Schär,189982
119765,Allan,Marques Loureiro,Allan,188652
120202,Wout,Weghorst,Weghorst,351999
120250,André,Tavares Gomes,André Gomes,361770
120447,Bradley,Smith,Brad Smith,515338
120721,Kevin,Mbabu,Mbabu,350472
121145,João,Cavaco Cancelo,João Cancelo,361757
121160,Ederson,Santana de Moraes,Ederson M.,363364
121221,Ramiro,Funes Mori,Funes Mori,213878
121570,Julian,Jeanvier,Jeanvier,352844
121599,Abdoulaye,Doucouré,A.Doucoure,352887
121709,Walter,Benítez,Benitez,448897
122074,Marcus,Bettinelli,Bettinelli,363357
122342,Emerson,Hyndman,Hyndman,564843
122411,Cameron,Burgess,Burgess,564842
122775,Morgan,Sanson,Sanson,355901
122797,Callum,Paterson,Paterson,355739
122798,Andrew,Robertson,Robertson,357880
122806,John,McGinn,McGinn,356406
123125,Viktor,Fischer,Fischer,266526
123354,Kortney,Hause,Hause,364549
124165,Patrick,Roberts,Roberts,527549
124183,Hakim,Ziyech,Ziyech,360559
126184,Nathan,Aké,Aké,417068
126187,Ruben,Loftus-Cheek,Loftus-Cheek,604982
126407,Nabil,Bentaleb,Bentaleb,500520
126468,Tokelo,Rantie,Rantie,310554
128198,Sofiane,Boufal,Boufal,365672
128295,Christian,Nørgaard,Nørgaard,266520
128309,Jamal,Lowe,Lowe,369754
128340,Kieffer,Moore,Moore,469202
128348,Ibrahim,Amadou,Amadou,369788
128389,Aleksandar,Mitrović,Mitrović,351860
130025,Luis,Hernández,Hernández,384374
130036,Ozan,Tufan,Tufan,358936
130103,Hiram,Boateng,Boateng,479745
131304,William,Troost-Ekong,Troost-Ekong,466884
131403,Rhys,Healey,Healey,372992
131897,Mathew,Ryan,Ryan,185644
132015,Pierre-Emile,Højbjerg,Højbjerg,266523
133085,Lawrence,Vigouroux,Vigouroux,501380
133798,Serge,Gnabry,Gnabry,385437
133801,Jerome,Sinclair,Sinclair,425183
133845,Emiliano,Marcondes,Marcondes,343316
134383,Connor,Randall,Randall,611682
135363,Andreas,Christensen,Christensen,449232
135365,Jeremie,Boga,Boga,643229
135720,Kevin,Danso,Danso,754126
138001,Tom,King,King,581530
138009,Sullay,Kaikai,Kaikai,521154
139110,Ondrej,Duda,Duda,350634
140200,Thomas,Strakosha,Strakosha,403049
140941,Stipe,Perica,Perica,401343
141020,Max,Meyer,Meyer,425963
141569,Léo,Bonatini,Bonatini,267383
141746,Bruno,Borges Fernandes,B.Fernandes,422685
141921,Oluwaseyi,Ojo,Sheyi Ojo,608125
143877,Alexander,Sørloth,Sørloth,440330
144485,Ivan,Toney,Toney,408987
144660,Didier,Ndong,Ndong,543358
145212,Clinton,N'Jie,N'Jie,409161
145235,José Ángel,Esmorís Tasende,Angeliño,603537
146426,Oluwasemilogo Adesewo Ibidapo,Ajayi,Ajayi,410836
146610,Jack,O'Connell,O'Connell,410364
146941,Aymeric,Laporte,Laporte,411617
147303,Laurent,Depoitre,Depoitre,282671
147611,Paul,Onuachu,Onuachu,412357
147612,Richairo,Zivkovic,Zivkovic,412708
147668,Cameron,Brannagan,Brannagan,562593
147675,Chuba,Akpom,Akpom,413158
148179,Enner,Valencia,Valencia,195927
148225,Anthony,Martial,Martial,413557
148508,Mahmoud Ahmed,Ibrahim Hassan,Trézéguet,513492
149016,Lynden,Gooch,Gooch,620124
149051,Ethan,Robson,Ethan Robson,787426
149065,José,Malheiro de Sá,José Sá,416175
149266,Alfie,Mawson,Mawson,511987
149468,Tyias,Browning,Browning,419196
149484,Tyrone,Mings,Mings,419664
149519,Maxwel,Cornet,Cornet,426880
149736,Chancel,Mbemba,Mbemba,277761
149828,Islam,Slimani,Slimani,291219
149915,Diego,Llorente,Llorente,420568
149929,Wes,Burns,Burns,421768
151086,Mario,Lemina,Mario Jr.,421786
151119,DeAndre,Yedlin,Yedlin,432040
151589,Leander,Dendoncker,Dendoncker,424129
152015,Guillermo,Varela,Varela,465614
152551,Jefferson,Lerma Solís,Lerma,466672
152590,Alex,Telles,Alex Telles,428672
152760,Divock,Origi,Origi,426202
152898,Ben,Davies,Davies,424609
153127,Isaac,Hayden,Hayden,489627
153133,Alex,Iwobi,Iwobi,604785
153256,Mohamed,Elneny,M.Elneny,339992
153366,Harrison,Reed,Reed,502420
153371,Sam,Gallagher,Gallagher,502421
153373,Sam,McQueen,McQueen,522108
153379,Josh,Sims,Sims,660321
153477,Conor,Masterson,Masterson,716647
153601,Carlos,De Pena,De Pena,429753
153673,Jonjoe,Kenny,Kenny,605252
153678,Chris,Long,Long,517669
153682,Harry,Wilson,Wilson,494417
153723,John,Lundstram,Lundstram,429955
153772,Luke,McGee,McGee,597503
154043,Ainsley,Maitland-Niles,Maitland-Niles,604089
154048,Stephy,Mavididi,Mavididi,759580
154050,Olufela,Olomola,Olomola,729724
154051,Oviemuno,Ejaria,Ejaria,760715
154131,Jack,Stacey,Stacey,564794
154138,Tariqe,Fosu-Henry,Fosu,575800
154296,João,Palhinha Gonçalves,J.Palhinha,524434
154506,Daniel,Bachmann,Bachmann,203964
154558,Thomas,Robson,Thomas Robson,598091
154559,Michael,Ledger,Ledger,775770
154561,David,Raya Martín,Raya,562727
154566,Dominic,Solanke-Mitchell,Solanke,591734
154976,Adnan,Januzaj,Januzaj,449241
154998,Takuma,Asano,Asano,1055855
155197,Max,Lowe,Lowe,492589
155405,Kalvin,Phillips,Phillips,609755
155408,Lewis,Cook,Cook,562724
155503,Freddie,Woodman,Woodman,582276
155509,Greg,Olley,Olley,782411
155511,Adam,Armstrong,Armstrong,519835
155513,Rolando,Aarons,Aarons,570431
155529,Marek,Rodák,Rodák,605643
155561,Ludwig,Augustinsson,Augustinsson,281857
155569,Daniel,Amartey,Amartey,436036
155651,Adam,Masina,Masina,500502
155706,Dionatan do Nascimento,Teixeira,Teixeira,170429
155851,Lucas,Pérez,Lucas,194660
156069,Liam,Gibson,Gibson,724365
156074,Rob,Holding,Holding,626667
156658,Reece,Burke,Burke,570760
156660,Moses,Makasi,Makasi,654093
156683,Pierluigi,Gollini,Gollini,553849
156685,Joe,Rothwell,Rothwell,613182
156686,James,Weir,Weir,718876
156687,Ben,Pearson,Pearson,610267
156689,Andreas,Hoelgebaum Pereira,Andreas,575779
156690,Joshua,Harrop,Harrop,848665
156700,Carlton,Morris,Morris,562725
157665,Filip,Lesniak,Lesniak,770128
157668,Harry,Winks,Winks,528453
157775,Ken,Sema,Sema,520670
157882,Takumi,Minamino,Minamino,408943
158074,Gabriel Armando,de Abreu,Gabriel,795179
158499,Ryan,Christie,Christie,439369
158534,Kyle,Walker-Peters,Walker-Peters,734042
158544,Jake,Hesketh,Hesketh,604589
158983,Endo,Wataru,Endo,202643
159039,Antonio,Barreca,Barreca,526449
159506,Ola,Aina,Aina,682548
159533,Adama,Traoré Diarra,Adama,493647
160190,Kasey,Palmer,Palmer,740171
160729,Jason,Denayer,Denayer,566732
160816,Donald,Love,Love,684734
160817,Patrick,McNair,McNair,575780
160987,Jean-Philippe,Gbamin,Gbamin,445226
162344,Philip,Zinckernagel,Zinckernagel,449279
162651,Samir,Caetano de Souza Santos,Samir,453324
163463,Papa Alioune,Ndiaye,Badou Ndiaye,310764
163526,Edimilson,Fernandes,Fernandes,451335
163776,Erdal,Rakip,Rakip,451909
163793,Matt,Miazga,Miazga,458324
164011,Mbaye,Diagne,Diagne,512734
164484,Zack,Steffen,Steffen,533127
164511,Yerry,Mina,Mina,496042
164555,Vladimír,Coufal,Coufal,307317
165152,Glen,Rea,Rea,604097
165153,Timo,Werner,Werner,450980
165183,Amari'i,Bell,Bell,471271
165210,Alireza,Jahanbakhsh,Jahanbakhsh,466890
165659,Diego Carlos,Santos Silva,Diego Carlos,570434
165808,Hélder Wander,Sousa de Azevedo e Costa,Costa,361790
165809,Bernardo,Mota Veiga de Carvalho e Silva,Bernardo,488139
165911,Bartosz,Kapustka,Kapustka,433675
165990,Vincent,Janssen,Janssen,467022
166324,Ivan,Neves Abreu Cavaleiro,I.Cavaleiro,361792
166325,Carlos,Ribeiro Dias,Cafú,361768
166477,Timothy,Castagne,Castagne,465750
166640,Fabián,Balbuena,Balbuena,307438
166989,Youri,Tielemans,Tielemans,465960
167074,Kenny,Tete,Tete,469804
167075,Wesley,Hoedt,Hoedt,465628
167191,Marcus,Myers-Harness,Harness,522440
167199,Thomas,Partey,Thomas,434325
167473,José,Izquierdo,Izquierdo,207511
167512,Luke,O'Nien,O'Nien,480253
167522,Jordan,Hugill,Hugill,490135
167541,Jack,Payne,Payne,469382
167767,Robert Kenedy,Nunes do Nascimento,Kenedy,467354
167789,Baily,Cargill,Cargill,493169
167878,Ben,Osborn,Osborn,511032
167887,Josh,Laurent,Laurent,523193
167888,Joe,Lumley,Lumley,574448
168035,Fred,Onyedinma,Onyedinma,515999
168090,Mahmoud,Dahoud,Dahoud,469701
168172,Joe,Lolley,Lolley,471149
168196,Joel Dinis,Castro Pereira,Joel Pereira,687506
168281,Scott,McKenna,McKenna,551805
168287,Jonathan,Calleri,Calleri,469295
168290,Ignacio,Pussetto,Pussetto,470847
168399,Will,Norris,Norris,352847
168547,Ethan,Horvath,Horvath,471274
168566,Georges-Kévin,Nkoudou,Nkoudou,473855
168580,Ayoze,Pérez,Pérez,479020
168636,Enes,Ünal,Enes Ünal,464486
168717,Maksymilian,Stryjek,Stryjek,609751
168763,Cameron,Carter-Vickers,Carter-Vickers,643589
168764,Luke,Amos,Amos,770244
168765,Josh,Onomah,Onomah,522762
168977,Joel,Coleman,Coleman,478367
168991,Philip,Billing,Philip,532743
169061,Dael,Fry,Fry,664826
169102,Tiemoué,Bakayoko,Bakayoko,478393
169130,Joel,Taylor,Taylor,789533
169141,Steve,Mounie,Mounie,478527
169187,Trent,Alexander-Arnold,Alexander-Arnold,760712
169359,Matt,Targett,Targett,538112
169432,Oliver,McBurnie,McBurnie,509151
169527,Joe,Williams,Joe Williams,605260
169528,Antonee,Robinson,Robinson,662428
169535,Julien,de Sart,de Sart,482397
169593,Remi,Matthews,Matthews,562726
169735,Noor,Husin,Husin,687831
169743,Connor,Mahoney,Mahoney,484856
170137,Allan,Saint-Maximin,Saint-Maximin,466482
170154,Pablo,Maffeo,Maffeo,673356
170271,Jean Michaël,Seri,Seri,470539
170851,Josh,Robson,Josh Robson,672465
171099,Hassane,Kamara,Kamara,488415
171101,Clément,Lenglet,Lenglet,488412
171129,Diego,Rico,Rico,488718
171162,Charly,Musonda,Musonda,722766
171270,Kieran,Dowell,Dowell,605262
171273,Cameron,Borthwick-Jackson,Borthwick-Jackson,693138
171277,Demetri,Mitchell,Mitchell,846686
171287,Joe,Gomez,Gomez,568571
171314,Rúben,dos Santos Gato Alves Dias,Rúben,614006
171317,Rúben,da Silva Neves,Neves,534684
171319,Renato,Sanches,Sanches,589344
171422,Alan,Browne,Browne,434498
171771,Jan,Bednarek,Bednarek,490868
171975,Callum,Robinson,Callum Robinson,504085
171982,Brian,Lenihan,Lenihan,361116
172246,Florent,Hadergjonaj,Hadergjonaj,492132
172453,Sam,Szmodics,Szmodics,491827
172551,Callum,Roberts,Roberts,606492
172567,Josh,Cullen,Cullen,623716
172632,Demarai,Gray,Gray,492586
172649,Dean,Henderson,Henderson,719330
172780,James,Maddison,Maddison,493165
172782,Josh,Brownhill,Brownhill,494597
172841,Saïd,Benrahma,Benrahma,491883
172850,Ben,Chilwell,Chilwell,672469
172912,Sofyan,Amrabat,Amrabat,593116
173268,Ivo,Grbic,Grbić,539546
173271,Duje,Caleta-Car,Caleta-Car,557799
173399,Mohamed,Dräger,Dräger,673428
173514,Isaac,Success Ajayi,Success,534484
173515,Kelechi,Iheanacho,Iheanacho,643709
173792,Reece,Oxford,Oxford,575789
173804,Layton,Ndukwu,Ndukwu,760401
173807,Tom,Davies,T.Davies,742405
173809,Jonathan,Leko,Leko,682552
173810,Darnell,Johnson,Johnson,820167
173818,Nathan,Broadhead,Broadhead,760329
173821,Tyler,Roberts,Roberts,643230
173879,Tammy,Abraham,Abraham,749661
173904,Davinson,Sánchez,Sánchez,643533
173954,Jairo,Riedewald,Riedewald,496563
174248,George,Thomas,Thomas,519836
174254,Pedro,Chirivella,Chirivella,680031
174292,Marco,Asensio,M.Asensio,498033
174310,Elijah,Adebayo,Adebayo,873237
174590,Jacob,Maddox,Maddox,759816
174592,Marcus,Edwards,Edwards,637744
174593,Kyle,Edwards,Edwards,682551
174594,Lukas,Nmecha,Nmecha,861197
174595,Admiral,Muskwe,Muskwe,673937
174597,Andre,Green,Green,643231
174874,Joachim,Andersen,Andersen,503659
174932,Sergi,Canós Tenés,Canós,673937
175351,Demeaco,Duhaney,Duhaney,863821
175353,Ayotomiwa,Dele-Bashiru,Dele-Bashiru,872963
175592,Naby,Keita,Keita,508889
175941,Alfie,Whiteman,Whiteman,795539
175946,Víctor,Camarasa,Camarasa,513086
176295,Matthew,Willock,Willock,836692
176296,Ashley,Fletcher,Fletcher,716410
176297,Marcus,Rashford,Rashford,696365
176413,Christian,Pulisic,Pulisic,688295
176414,Luca,De La Torre,De La Torre,780418
176420,Darnell,Furlong,Furlong,609733
176706,Alfie,Jones,Jones,789598
177815,Dominic,Calvert-Lewin,Calvert-Lewin,612150
178173,Matt,Clarke,Clarke,568573
178186,Jarrod,Bowen,Bowen,523825
178301,Ollie,Watkins,Watkins,540088
178304,Lys,Mousset,Mousset,518371
178867,Antonio,Martinez Lopez,Martínez,640123
178871,Aleix,García Serrano,García,642551
178876,Jesús,Vallejo Lázaro,Vallejo,574631
179018,Miguel,Almirón Rejala,Almirón,442277
179261,Zachary,Dearnley,Dearnley,847860
179268,Marc,Cucurella Saseta,Cucurella,873289
179276,Mathias,Normann,Normann,439105
179456,Oskar,Buur,Buur,623169
179458,Jacob,Bruun Larsen,Bruun Larsen,655575
179519,Orel,Mangala,Mangala,765693
179587,Dennis,Srbeny,Srbeny,522139
179596,Elliott,Moore,Moore,760400
179620,Mamadou Obbi,Oularé,Oularé,581798
179725,Carl,Stewart,Stewart,819082
179829,Josh,Pask,Pask,654086
179830,Grady,Diangana,Diangana,654091
180135,Sean,Longstaff,Longstaff,820024
180151,Nikola,Vlašić,Vlašić,557677
180184,Donny,van de Beek,Van de Beek,612836
180294,Karlan,Grant,Grant,586467
180736,Trevoh,Chalobah,Chalobah,793907
180804,Axel,Tuanzebe,Tuanzebe,690149
180974,Joelinton Cássio,Apolinário de Lira,Joelinton,535936
181008,Albian,Ajeti,Ajeti,527104
181284,Gonçalo Manuel,Ganchinho Guedes,Guedes,536455
181397,Jamie,Sterry,Sterry,631245
181489,Alex,Pike,Pike,654087
181911,Kyle,Scott,Scott,759820
182156,Leroy,Sané,Sané,530859
182436,Ben,Woodburn,Woodburn,765715
182539,Daniel,Ceballos Fernández,Ceballos,531629
182960,Pau,López Sabata,Pau López,532942
183015,Cedric,Kipre,Kipre,760398
183487,Nathan,Holland,Holland,760347
183656,Josh,Dasilva,Dasilva,759566
183751,Manuel,Benson Hedilazio,Benson,536457
184029,Martin,Ødegaard,Ødegaard,534670
184193,Jordan,Smith,Smith,711206
184254,Guglielmo,Vicario,Vicario,538501
184259,Richard,Nartey,Nartey,872987
184341,Mason,Mount,Mount,750032
184349,Ryan,Sessegnon,Sessegnon,773991
184386,James,Bree,Bree,539939
184667,Victor,Lindelöf,Lindelof,258269
184704,Marvelous,Nakamba,Nakamba,541330
184754,Hwang,Hee-chan,Hee Chan,620026
185056,Mateusz,Hewelt,Hewelt,760345
185253,Gustavo Henrique,Furtado Scarpa,G.Scarpa,544424
185431,Ali,Gabr,Gabr,546548
185478,Jarosław,Jach,Jach,545060
189627,Dimitris,Giannoulis,Giannoulis,670009
189776,Samuel,Bastien,Bastien,559077
191769,Jonathan,Benteke,Jonathan Benteke,466484
191866,Kristoffer,Ajer,Ajer,552718
192182,Kieran,O'Hara,O'Hara,674202
192290,Connor,Roberts,Roberts,484878
192301,Jon Gorenc,Stankovic,Stankovic,446392
192303,Christoph,Zimmermann,Zimmermann,560118
192895,Kieran,Tierney,Tierney,582499
193109,Callum,Slattery,Slattery,798652
193111,Todd,Cantwell,Cantwell,789593
193195,Allan,Campbell,Campbell,733712
193204,Joe,Aribo,Aribo,798659
193488,Anwar,El Ghazi,El Ghazi,562267
193645,Robin,Koch,Koch,628201
194010,Rico,Henry,Henry,562892
194126,Michael,Verrips,Verrips,564585
194164,Mason,Holgate,Holgate,603329
194190,Harry,Souttar,Souttar,671518
194252,Steven,Bergwijn,Bergwijn,564818
194401,Adalberto,Peñaranda,Peñaranda,495841
194634,Diogo,Teixeira da Silva,Diogo J.,570461
194794,Fikayo,Tomori,Tomori,749662
194798,Bernard,Ashley-Seal,Ashley-Seal,789608
194799,Jamal,Lewis,Lewis,864983
195064,Mace,Goodridge,Goodridge,1117832
195384,Mikel,Merino Zazón,Merino,574645
195471,Anthony,Driscoll-Glennon,Driscoll-Glennon,1045012
195473,Rhian,Brewster,Brewster,841150
195480,Josh,Maja,Maja,791805
195546,Emiliano,Buendía Stati,Buendía,610184
195728,Alex,Kral,Kral,836797
195735,Nicolas,Pépé,Pepe,575735
195774,Gedson,Carvalho Fernandes,Fernandes,747785
195851,Scott,McTominay,McTominay,843099
195855,Beni,Baningime,Baningime,789497
195859,Marcus,Browne,Browne,654089
195860,Joe,Powell,Powell,654102
195864,Sam,Field,Field,748456
195899,Gianluca,Scamacca,Scamacca,721089
196100,Gustavo,Hamer,Hamer,775355
196118,Yoshinori,Muto,Muto,459499
196411,Conor,Chaplin,Chaplin,605647
197024,Guido,Rodríguez,G.Rodriguez,586768
197030,Aboubakar,Kamara,Kamara,581141
197365,Eric,Bailly,Bailly,574200
197464,Nathaniel,Phillips,N.Phillips,948567
197469,Hamza,Choudhury,Choudhury,728123
197937,Oliver,Burke,Burke,609504
198044,Harry,Lewis,Lewis,795510
198501,Sead,Haksabanovic,Haksabanovic,614194
198504,Kazaiah,Sterling,Sterling,849764
198826,Ben,Godfrey,Godfrey,662936
198842,Connor,Ronan,Ronan,672484
198847,Bright,Enobakhare,Enobakhare,666884
198849,Lucas,Torreira di Pascua,Torreira,592909
198869,Benjamin,White,White,776151
199056,Gabriel,Osho,Osho,789509
199170,Moussa,Niakhaté,Niakhaté,592102
199249,Sergio,Reguilón,Reguilón,724436
199404,Tashan,Oakley-Boothe,Oakley-Boothe,862995
199583,Dujon,Sterling,Sterling,793905
199584,Japhet,Tanganga,Tanganga,873018
199598,Ethan,Ampadu,Ampadu,780432
199670,Odsonne,Édouard,Édouard,637746
199796,Matty,Cash,Cash,729731
199798,Ezri,Konsa Ngoyo,Konsa,710159
199806,Dion,Henry,Henry,595571
200088,Daniel,N'Lundulu,Nlundulu,789599
200089,Joe,Willock,Willock,860975
200370,Matt,Butcher,Butcher,672450
200402,Nélson,Cabral Semedo,N.Semedo,470834
200428,Mateusz,Lis,Lis,630036
200439,Che,Adams,Adams,599353
200455,Julien,Ngoy,Ngoy,788711
200600,Daniel,Castelo Podence,Podence,524435
200617,Daniel,James,James,717176
200641,Reiss,Nelson,Nelson,748382
200720,Caoimhín,Kelleher,Kelleher,776689
200785,Tyler,Adams,Adams,729769
200826,Giovani,Lo Celso,Lo Celso,604126
200878,Filip,Krovinovic,Krovinovic,443518
200884,Tyrese,Campbell,Campbell,807728
201057,Thilo,Kehrer,Kehrer,604088
201084,Timothy,Fosu-Mensah,Fosu-Mensah,639058
201410,Auston,Trusty,Trusty,688271
201440,Hwang,Ui-jo,Ui-jo,433677
201595,Lucas,Perri,Perri,637656
201658,Marcus,Tavernier,Tavernier,789630
201666,Harvey,Barnes,Barnes,760359
201667,Josh,Knight,Knight,798629
202174,Greg,Luer,Luer,608116
202641,André,Onana,Onana,611491
202993,Rodrigo,Bentancur,Bentancur,620618
203325,André-Frank,Zambo Anguissa,Anguissa,612863
203341,Wilfred,Ndidi,Ndidi,533228
203368,Frédéric,Guilbert,Guilbert,612747
203389,Nathan,Tella,Tella,877700
204043,Arthur Henrique,Ramos de Oliveira Melo,Arthur,654044
204120,Olivier,Boscagli,Boscagli,613715
204214,Pervis,Estupiñán Tenorio,Estupiñan,688278
204216,Keshi,Anderson,Anderson,614176
204380,Juninho,Bacuna,Bacuna,614574
204454,Isaac,Mbenza,Mbenza,614720
204480,Declan,Rice,Rice,654096
204481,Tyreke,Johnson,Johnson,789597
204580,Vitaly,Janelt,Janelt,688273
204642,Jay-Roy,Grot,Grot,666957
204646,Donyell,Malen,Malen,660301
204676,Andi,Zeqiri,Zeqiri,642230
204716,Ibrahima,Konaté,Konaté,820140
204727,Malang,Sarr,M.Sarr,782502
204760,Michael,Folivi,Folivi,760358
204814,Ben,Brereton Díaz,Brereton Díaz,820581
204819,Elliot,Embleton,Embleton,775772
204820,George,Marsh,Marsh,886144
204822,Omar,Richards,O.Richards,798608
204863,Ryan,Manning,Manning,435513
204968,Ryan,Yates,Yates,775614
205102,Ramadan,Sobhi,Sobhi,612489
205135,Samuel,Shashoua,Shashoua,847603
205533,Eddie,Nketiah,Nketiah,860920
205651,Gabriel,Fernando de Jesus,G.Jesus,576165
205836,Saman,Ghoddos,Ghoddos,532220
206325,Oleksandr,Zinchenko,Zinchenko,623621
206882,Pontus,Dahlberg,Dahlberg,625168
206915,Curtis,Jones,C.Jones,933768
207189,Sander,Berge,Berge,540963
207270,Daniel,Iversen,Iversen,617763
207283,Mathias,Jensen,Jensen,650616
207300,Mihai-Alexandru,Dobre,Dobre,790727
207722,Jack,Walton,Walton,627016
207725,Daniel,Agyei,Agyei,627223
208706,Bruno,Guimarães Rodriguez Moura,Bruno G.,850354
208904,Mads Juel,Andersen,Andersen,630953
208912,Joe,Worrall,Worrall,716687
208973,Francisco,Sierralta,Sierralta,632305
208987,Jeff,Reine-Adelaide,Reine-Adelaide,632342
208998,Zeze Steven,Sessegnon,Sessegnon,866687
209035,Jonathan,Panzo,Panzo,955366
209036,Marc,Guéhi,Guéhi,844425
209037,Zech,Medley,Medley,961990
209040,Timothy,Eyoma,Eyoma,873012
209041,Angel,Gomes,Gomes,848667
209042,Oliver,Skipp,Skipp,873014
209043,Nya,Kirby,Kirby,924831
209045,Taylor,Richards,Richards,872970
209046,Callum,Hudson-Odoi,Hudson-Odoi,846383
209212,Thomas,Edwards,Edwards,789542
209243,Jadon,Sancho,Sancho,846381
209244,Phil,Foden,Foden,815006
209288,Tom,McGill,McGill,815080
209289,Emile,Smith Rowe,Smith Rowe,889534
209293,Daiki,Hashioka,Hashioka,878296
209353,Patrick,Cutrone,Cutrone,639671
209362,Bernardo,Fernandes Da Silva Junior,Bernardo,637716
209365,Matthijs,de Ligt,De Ligt,769895
209400,Daichi,Kamada,Kamada,621515
209411,Joe,Tupper,Tupper,789513
209413,Jordi,Osei-Tutu,Osei-Tutu,759589
209418,Tobi,Omole,Omole,961998
209419,Max,Melbourne,Melbourne,789587
209420,Joy,Mukena,Mukena,920384
209925,Xande,Nascimento da Costa Silva,Xande Silva,571296
210156,Taiwo,Awoniyi,Awoniyi,643717
210207,Fousseni,Diabaté,Diabaté,643654
210237,Marko,Grujic,Grujic,463284
210407,Matheus,Pereira,Pereira,522651
210462,Ibrahim,Sangaré,Sangaré,795371
210494,Nayef,Aguerd,N.Aguerd,617310
211975,Manuel,Akanji,Akanji,521318
212314,Saša,Lukić,Lukić,556972
212319,Richarlison,de Andrade,Richarlison,654908
212325,Pierre,Lees-Melou,Lees-Melou,660462
212701,Denis,Zakaria,Zakaria,598355
212721,Lyanco,Silveira Neves Vojnovic,Lyanco,654045
212723,Milot,Rashica,Rashica,660165
213056,Tudor,Baluta,Baluta,862022
213198,Christopher,Nkunku,Nkunku,704523
213280,Jake,Eastwood,Eastwood,865937
213345,Wesley,Moraes Ferreira da Silva,Wesley,656562
213384,Josh,Clackstone,Clackstone,782706
213405,Filip,Benkovic,Benkovic,656371
213482,Yan,Valery,Valery,789596
213687,Charlie,Goode,Goode,650647
213999,Edson,Álvarez Velázquez,Álvarez,783505
214048,Maximilian,Kilman,Kilman,865931
214225,Joe,Rodon,Rodon,717174
214285,Konstantinos,Tsimikas,Tsimikas,671529
214466,Will,Smallbone,Smallbone,807925
214470,Jake,Vokins,Vokins,798649
214572,Brandon,Austin,Austin,862993
214590,Aaron,Wan-Bissaka,Wan-Bissaka,760320
214964,George,Edmundson,Edmundson,662604
214987,Kamil,Miazek,Miazek,560850
215059,Robert,Lynch Sánchez,Sánchez,789571
215062,Max,Sanders,Sanders,877677
215066,Alex,Cochrane,Cochrane,877690
215136,Neco,Williams,N.Williams,1078788
215379,Elliot,Anderson,Anderson,1089691
215407,Alfie,Lewis,Lewis,770263
215409,Cameron,John,John,820164
215413,Kiernan,Dewsbury-Hall,Dewsbury-Hall,886016
215439,Tomáš,Souček,Souček,524437
215457,Kane,Wilson,Wilson,767015
215460,Ian,Poveda-Ocampo,Poveda,962075
215476,Joshua,Sargent,Sargent,848011
215531,Ionuț,Radu,Radu,681213
215610,Marcel,Lavinier,Lavinier,955141
215711,Leon,Bailey,Bailey,671331
215885,Michael,Phillips,Phillips,760319
216051,Diogo,Dalot Teixeira,Dalot,751550
216054,Rúben,Nascimento Vinagre,Vinagre,862467
216058,Domingos,Quina,Quina,749484
216094,Jeremie,Frimpong,Frimpong,966018
216183,Brahim,Diaz,Diaz,750027
216208,Matija,Šarkić,Šarkić,674115
216554,Sam,Hughes,Hughes,678164
216616,Dara,O'Shea,O'Shea,789578
216620,Marcus,Forss,Forss,789585
216646,Yoane,Wissa,Wissa,666857
217331,Sam,Surridge,Surridge,796747
217401,Josh,Benson,Benson,1017899
217487,Mbwana Ally,Samatta,Samatta,437329
217593,Pablo,Fornals Malla,P.Fornals,683450
217989,Rafael,Camacho,Camacho,933778
218023,Jimmy,Dunne,Dunne,767173
218031,Çaglar,Söyüncü,Söyüncü,602261
218112,Jason,Lokilo,Lokilo,684149
218218,Wout,Faes,Faes,693678
218364,Borna,Sosa,Sosa,622091
218430,Gonzalo,Montiel,G.Montiel,687008
218997,Ellis,Simms,Simms,982284
219002,Dodi,Lukebakio,Lukebakio,688876
219168,Alexander,Isak,Isak,690107
219249,Matt,O'Riley,O'Riley,866686
219265,Felix,Nmecha,Nmecha,966019
219279,Sugawara,Yukinari,Sugawara,924610
219291,Claudio,Gomes,Gomes,887689
219352,Ademola,Lookman,Lookman,690516
219727,Joel,Asoro,Asoro,748381
219847,Kai,Havertz,Havertz,749736
219924,Issa,Diop,Diop,696443
219929,Rafa,Mir,Mir,640492
219937,Rhys,Williams,R.Williams,1081076
219961,Raphael,Dias Belloli,Raphinha,696679
220037,Bailey,Peacock-Farrell,Peacock-Farrell,698500
220087,Maximilian,Wöber,Wöber,701149
220166,Marc,Navarro,Navarro,640486
220237,Sven,Botman,Botman,956682
220307,Arnaut,Danjuma Groeneveld,Danjuma,704151
220362,Axel,Disasi,Disasi,696646
220394,Tommy,Doyle,Doyle,940442
220566,Rodrigo 'Rodri',Hernandez Cascante,Rodrigo,193869
220583,Luke,Woolfenden,Woolfenden,866688
220585,Flynn,Downes,Downes,844943
220598,Michael,Obafemi,Obafemi,817720
220627,James,Justin,Justin,710158
220650,Thibaud,Verlinden,Verlinden,789532
220682,Arthur,Okonkwo,Okonkwo,961994
220684,Aji,Alese,Alese,963940
220686,Bali,Mumba,Mumba,937066
220688,Mason,Greenwood,Greenwood,950473
220693,Rayhaan,Tulloch,Tulloch,798664
220695,Paris,Maghoma,Maghoma,886150
220738,Jayson,Molumby,Molumby,789574
221239,Keinan,Davis,Davis,724368
221245,Levi,Lumeka,Lumeka,760317
221267,Josh,Tymon,Tymon,722741
221268,Ben,Hinchcliffe,Hinchcliffe,95325
221271,Ben,Wynter,Wynter,796452
221272,Sam,Woods,Woods,959228
221275,Luke,Dreher,Dreher,743771
221286,Charlie,Rowan,Rowan,819083
221399,Jack,Harrison,Harrison,751649
221403,Richie,Laryea,Laryea,729506
221466,Marcos,Senesi Barón,Senesi,785411
221568,Daniel,Kemp,Kemp,789565
221610,Jamie,Shackleton,Shackleton,955379
221632,Cristian,Romero,Romero,789066
221820,Lisandro,Martínez,Martinez,847983
222017,Conor,Coventry,Coventry,770256
222018,Ben,Johnson,Johnson,770267
222434,Jack,Simpson,Simpson,722756
222531,Morgan,Gibbs-White,Gibbs-White,789502
222564,Francisco,Machado Mota de Castro Trincão,Trincão,732282
222625,George,Hirst,Hirst,750033
222627,João,Neves Virgínia,J.Virginia,959247
222677,Tahith,Chong,Chong,751066
222683,Justin,Kluivert,Kluivert,794253
222690,Tyrell,Malacia,Malacia,865118
222694,Pascal,Struijk,Struijk,796974
222786,Panagiotis,Retsos,Retsos,719055
223081,Kristoffer,Klaesson,Klaesson,837268
223094,Erling,Haaland,Haaland,737066
223175,Matthew,Longstaff,M.Longstaff,961343
223332,Faustino,Anjorin,Anjorin,983199
223333,Louie,Watson,Watson,1101052
223335,Sylvester,Jasper,Jasper,1098807
223336,Dan,Neil,Neil,982246
223337,Jamie,Bowden,Bowden,953954
223340,Bukayo,Saka,Saka,961995
223349,Indiana,Vassilev,Vassilev,1101144
223434,Igor Julio,dos Santos de Paulo,Igor,768331
223541,Federico,Chiesa,Chiesa,784510
223723,Tomiyasu,Takehiro,Tomiyasu,664444
223824,Reece,Hannam,Hannam,966032
223827,Daniel,Ballard,Ballard,974268
223911,Chris,Mepham,Mepham,819762
224024,Lucas,Tolentino Coelho de Lima,L.Paquetá,766435
224068,Matt,Turner,Turner,729988
224117,Viktor,Gyokeres,Gyokeres,664500
224209,Rasmus,Kristensen,Kristensen,722207
224444,Ferran,Torres,Torres,881771
224860,Carlos,Soler,C.Soler,708890
224946,Matthew,Worthington,Worthington,790724
224967,Vitalii,Mykolenko,Mykolenko,874025
224995,Luis,Sinisterra Lucumí,Sinisterra,846369
225000,Dion,Sanderson,Sanderson,1070973
225295,Mateus,Cardoso Lemos Martins,Tetê,1039534
225321,Aaron,Ramsdale,Ramsdale,746395
225368,Meritan,Shabani,Shabani,767795
225702,Samuel,Kalu,Kalu,728410
225796,Reece,James,James,807729
225897,Fodé,Ballo-Touré,Ballo-Touré,800520
225902,Boubakary,Soumaré,B.Soumaré,882401
226029,Lasse,Sorenson,Sorenson,877450
226182,Jayden,Bogle,Bogle,789646
226473,Scott,Twine,Twine,746406
226597,Gabriel,dos Santos Magalhães,Gabriel,795179
226944,Boubacar,Kamara,Kamara,816325
226956,Mads,Roerslev Rasmussen,Roerslev,803343
227127,Yves,Bissouma,Bissouma,724306
227444,Nikola,Milenković,Milenković,766611
227560,Oghenekaro Peter,Etebo,Etebo,736098
228044,Mads,Bech Sørensen,Bech,659018
228286,Edouard,Mendy,Mendy,773229
228798,Cengiz,Ünder,Ünder,603477
229164,Chiedozie,Ogbene,Ogbene,674009
229384,Andy,Irving,Irving,863359
229415,Jon,McCracken,McCracken,1185792
229600,Mark,Travers,Travers,731855
230001,Noussair,Mazraoui,Mazraoui,775539
230046,Douglas Luiz,Soares de Paulo,Douglas Luiz,787350
230127,Percy,Tau,Tau,563065
230251,Emmanuel,Dennis,Dennis,769673
230348,Ross,Stewart,Stewart,776159
230376,Jhon,Arias,J.Arias,1023030
230428,Philippe,Sandler,Sandler,773831
231057,Jean-Ricner,Bellegarde,Bellegarde,769166
231065,Ethan,Pinnock,Pinnock,711357
231172,Brandon,Mason,Mason,819081
231372,Tanguy,Ndombélé Alvaro,Ndombele,773189
231416,Ferdi,Kadıoğlu,F.Kadıoğlu,774448
231480,Santiago,Ignacio Bueno,S.Bueno,848034
231747,Jean-Philippe,Mateta,Mateta,706297
231899,Jack,Taylor,Taylor,789507
232112,Manuel,Ugarte Ribeiro,Ugarte,1035614
232185,Ismaïla,Sarr,Sarr,771294
232223,Folarin,Balogun,Balogun,982677
232228,Harry,Clarke,H.Clarke,1086712
232229,Vontae,Daley-Campbell,Daley-Campbell,1096324
232233,Tyreece,John-Jules,John-Jules,961993
232241,Matthew,Smith,Smith,982679
232245,Zak,Swanson,Swanson,1086713
232247,Dominic,Thompson,Thompson,961999
232351,Ryan,Giles,Giles,933635
232361,Taylor,Perry,Perry,962008
232391,Jeremy,Ngakia,Ngakia,982624
232398,Nathan,Trott,Trott,623366
232413,Eberechi,Eze,Eze,818975
232423,Nathan,Ferguson,Ferguson,883075
232427,Rekeem,Harper,Harper,789579
232456,Dilan,Markanday,Markanday,982598
232477,Elliot,Thorpe,Thorpe,1004996
232571,Anthony,Patterson,Patterson,968912
232620,Lewis,Brunt,Brunt,1089592
232653,Jacob,Ramsey,J.Ramsey,1021929
232667,Akin,Famewo,Famewo,780818
232787,Conor,Gallagher,Gallagher,966027
232792,Tariq,Lamptey,Lamptey,955139
232797,Kayne,Ramsay,Ramsay,962012
232820,Joe,Anderson,Anderson,40961
232826,Anthony,Gordon,Gordon,906937
232829,Kyle,John,John,983186
232859,Djed,Spence,Spence,894803
232881,Thakgalo,Leshabela,Leshabela,877402
232892,Calvin,Bassey,Bassey,877401
232917,Arijanet,Muric,Muric,760752
232928,James,Garner,Garner,950474
232937,Brandon,Williams,B.Williams,1077907
232957,Thomas,Allan,Allan,188652
232960,Lewis,Cass,Cass,961344
232964,Lewis,Gibson,Gibson,872974
232977,Kell,Watts,Watts,961329
232979,Jack,Young,Young,1089690
232980,Max,Aarons,Aarons,956621
233420,Renan Augusto,Lodi dos Santos,Renan Lodi,793876
233425,Aaron,Connolly,Connolly,874617
233489,Leighton,Clarkson,Clarkson,1096630
233497,Adama,Diakhaby,Diakhaby,783618
233821,Anel,Ahmedhodžić,Ahmedhodžić,793820
233849,Archie,Mair,Mair,1093042
233963,Konstantinos,Mavropanos,Mavropanos,719219
234370,Marc,Roca Junqué,Roca,640220
234483,Aiden,O'Neill,O'Neill,785377
234720,Giovanni,McGregor,McGregor,959224
234908,Juan,Foyth,Foyth,833219
235382,Steven,Alzate,Alzate,789567
235448,Ellery,Balcombe,Balcombe,806579
235449,George,Wickens,Wickens,962062
235530,Lloyd,Kelly,Kelly,819215
235546,Jacob,Sørensen,Sørensen,738046
235599,Nikola,Tavares,Tavares,1050665
235640,Harry,Boyes,Boyes,1206948
235674,Manor,Solomon,Solomon,822237
235826,Joël,Piroe,Piroe,792540
240143,Ibrahima,Diallo,Diallo,938539
240299,Joe,Hodge,Hodge,1070794
240499,Daniel,Batty,Batty,848668
240514,Kjell,Scherpen,Scherpen,796398
240796,Álvaro,Fernández,Fernández,796781
241157,Emerson,Leite de Souza Junior,E.Royal,797908
241231,Jordan,Beyer,Jordan,861447
241289,Ben,Wilmot,Wilmot,798603
241519,Weston,McKennie,McKennie,848266
241791,Ryan,Schofield,Schofield,867128
242058,Moise,Kean,Kean,747926
242166,Mattéo,Guendouzi,Guendouzi,800609
242183,James,Morris,Morris,1109490
242453,Jacob,Brown,Brown,802245
242500,Joe,Taylor,Taylor,1336717
242510,Louie,Moulden,Moulden,997557
242880,Benoît,Badiashile Mukinayi,B.Badiashile,955376
242885,Loïc,Mbe Soh,Mbe Soh,949216
242898,Brennan,Johnson,Johnson,1076756
243016,Alexis,Mac Allister,Mac Allister,831489
243298,Cody,Gakpo,Gakpo,806552
243343,Jake,Cain,Cain,1096693
243345,Lewis,O'Brien,O'Brien,914134
243505,Jakub,Moder,Moder,891855
243526,Gabriel,Gudmundsson,Gudmundsson,744494
243531,Andrew,Eleftheriou,Eleftheriou,814566
243532,Dion,Pereira,Pereira,837440
243557,Moussa,Diaby,Diaby,923498
243568,Billy,Gilmour,Gilmour,942549
243569,Adedapo,Awokoya-Mebude,Mebude,1052694
243571,Nathan,Patterson,Patterson,1112684
243710,Bernardo,Costa Da Rosa,Rosa,906080
244042,Rodrigo,Muniz Carvalho,Muniz,1128945
244085,Siriki,Dembélé,Siriki,865184
244262,Alfie,Doughty,Doughty,956169
244560,Romain,Perraud,Perraud,815465
244619,Luke,Thomas,Thomas,916332
244704,Matías,Viña,Viña,840184
244716,Juan Camilo,Hernández Suárez,Cucho,852071
244723,Tyrick,Mitchell,Mitchell,1120224
244731,Luis,Díaz Marulanda,Luis Díaz,860914
244845,Nathan,Wood-Gordon,Wood,953859
244848,Teddy,Jenks,Jenks,1049811
244850,Morgan,Rogers,Rogers,883080
244851,Cole,Palmer,Palmer,1096353
244856,Teden,Mengi,Mengi,1098780
244858,Fábio,Freitas Gouveia Carvalho,Carvalho,963965
244890,Joseph,Hungbo,Hungbo,1077221
244930,Alex,Mighten,Mighten,1081174
244932,Ben,Knight,Knight,966023
244954,Pau,Torres,Pau,792645
245414,Nicolò,Zaniolo,Zaniolo,818893
245419,Patson,Daka,Daka,644459
245719,Taylor,Harwood-Bellis,Harwood-Bellis,966021
245824,Carlos Vinícius,Alves Morais,Vinicius,866201
245830,Josh,Bowler,Bowler,844937
245923,Luke,Cundle,Cundle,968944
246265,Corrie,Ndaba,Ndaba,1041508
246301,Jorge,Cuenca Barreno,J.Cuenca,821728
246799,Jackson,Smith,Smith,1189626
246878,Abdelhamid,Sabiri,Sabiri,769644
247245,Hannes,Delcroix,Delcroix,822716
247286,Kyle,Jameson,Jameson,883073
247348,Daniel,Muñoz Mejía,Muñoz,859282
247412,Jørgen,Strand Larsen,Strand Larsen,821100
247632,Pedro,Lomba Neto,Neto,176186
247664,Terry,Ablade,Ablade,1113738
248056,Tanaka,Ao,Tanaka,935728
248164,Viljami,Sinisalo,Sinisalo,1185782
248853,Dynel,Simeu,Simeu,1096387
248854,Josh,Brooking,Brooking,1127458
248857,Noni,Madueke,Madueke,1084981
248859,Amadou,Diallo,Diallo,1118477
248865,Armstrong,Oko-Flex,Oko-Flex,1023017
248875,Jérémy,Doku,Doku,942368
248937,Sam,Greenwood,Greenwood,1049805
249231,Keane,Lewis-Potter,Lewis-Potter,1010426
250199,Nicolás,Domínguez,Dominguez,827315
250370,Nathan,Bishop,Bishop,830550
250604,Owen,Otasowie,Otasowie,1096372
250735,Darko,Churlinov,Churlinov,833697
420922,Jan,Zamburek,Zamburek,1024959
421796,Sidnei,Tavares,Tavares,982272
422287,Kofi,Balmer,Balmer,843804
422303,John,McAtee,McAtee,843101
422306,Will,Ferry,Ferry,843138
422612,Ryan,Astley,Astley,966016
423649,Enock,Mwepu,Mwepu,848290
424001,Vini,de Souza Costa,Vini Souza,1047671
424044,Hamed,Traorè,H.Traorè,875672
424876,Dominik,Szoboszlai,Szoboszlai,846005
427420,Giovanni,Reyna,Reyna,1071179
427623,Chris,Richards,Richards,950829
427637,Brenden,Aaronson,Aaronson,952322
428399,João,Félix Sequeira,João Félix,794427
428580,Frank,Onyeka,Onyeka,856685
428610,Bruno,Cavaco Jordão,Jordão,777052
428626,Przemyslaw,Placheta,Placheta,862717
428971,Steven,Benda,Benda,887969
429414,Saša,Kalajdžić,Kalajdžić,858198
430367,Joel,Mumbongo,Mumbongo,862020
430871,Matheus,Santos Carneiro da Cunha,Cunha,863098
430992,Owen,Beck,Beck,1107628
431019,Karlo,Ziger,Ziger,955142
431131,Moussa,Djenepo,Djenepo,862645
431639,Zian,Flemming,Flemming,873559
431774,Kyle,Taylor,Taylor,916302
431924,Daniel,Adshead,Adshead,875135
431960,Bendegúz,Bolla,Bolla,888904
432160,Shandon,Baptiste,Baptiste,865131
432422,Sandro,Tonali,Tonali,867414
432656,Eric,Garcia,Garcia,940573
432705,James,Daly,Daly,933795
432711,CJ,Egan-Riley,Egan-Riley,1187227
432712,Owen,Hesketh,Hesketh,1186543
432714,James,McAtee,McAtee,1107648
432720,James,Trafford,Trafford,1187213
432735,Adam,Idah,Idah,846009
432793,Abd-Al-Ali Morakinyo Olaposi,Koiki,Koiki,1005745
432830,Nathan,Collins,Collins,961306
432927,Daniel,Langley,Langley,961341
432931,Tyrese,Francois,Francois,894805
432987,Vítezslav,Jaros,Jaros,1068920
432990,Yasser,Larouci,Larouci,1068902
433019,Liam,Hughes,Hughes,1234030
433036,Tijjani,Reijnders,Reijnders,868344
433138,Marc,Leonard,Leonard,1109757
433154,Dwight,McNeil,McNeil,939542
433312,Marshall,Munetsi,Munetsi,786580
433589,Haydon,Roberts,Roberts,1086650
433590,Cody,Drameh,Drameh,962046
433952,Largie,Ramazani,Ramazani,1077915
433979,Cameron,Archer,Archer,1086647
434024,Patrik,Gunnarsson,Gunnarsson,843520
434043,Alex,Robertson,Robertson,1118910
434044,Cieran,Slicker,Slicker,1107647
434138,Jordan,Stevens,Stevens,877652
434399,Reinildo,Mandava,Reinildo,600524
434662,Halil,Dervişoğlu,Dervişoğlu,938521
434752,Jaka,Bijol,Bijol,861805
435973,Lyle,Foster,Foster,881500
436234,Bryan,Gil Salvatierra,Bryan,970692
436680,Jakub,Stolarczyk,Stolarczyk,1096327
436893,Julián,Araujo Zúñiga,J.Araujo,1027447
437468,Sergio,Gómez,Sergio Gómez,844477
437476,Braian,Ojeda Rodríguez,Ojeda,1075065
437495,Illan,Meslier,Meslier,952029
437499,Maxence,Lacroix,Lacroix,950485
437505,Wilson,Isidor,Isidor,887703
437626,Nuno,Varela Tavares,Tavares,957118
437688,Lewis,Richards,Richards,968942
437730,Antoine,Semenyo,Semenyo,933576
437738,Sebastiaan,Bornauw,Bornauw,922892
437742,Albert,Sambi Lokonga,Sambi,901495
437748,Mike,Trésor Ndayishimiye,Trésor,963983
437753,Giulian,Biancone,Biancone,990989
437757,Han-Noah,Massengo,Massengo,978680
437858,Vitor,Ferreira,Vitinha,1061249
438098,Fábio,Ferreira Vieira,Fábio Vieira,1025462
438234,Omar,Marmoush,Marmoush,839204
438277,Ozan,Kabak,Kabak,845990
438405,Billy,Crellin,Crellin,896323
438464,Cheick,Doucouré,Doucouré,951954
439135,Eiran,Cashin,Cashin,1127305
439242,Taylor,Gardner-Hickman,Gardner-Hickman,982361
439482,Miguel,Azeez,Azeez,1086716
439483,Hubert,Graczyk,Graczyk,1214914
439485,Josh,Martin,Martin,1089738
439509,Christos,Tzolis,Tzolis,1157237
439510,Luke,Mbete-Tabu,Mbete,1130806
440089,Mikkel,Damsgaard,Damsgaard,888912
440113,Aaron,Rowe,Rowe,1029054
440120,Daniel,Chesters,Chesters,982620
440123,James,Furlong,Furlong,1039540
440148,Tyler,Morton,Morton,1113724
440241,Jensen,Weir,Weir,896053
440323,Armando,Broja,Broja,1077975
440854,Jakub,Kiwior,Kiwior,1021834
440955,Nazarii,Rusyn,Rusyn,902007
440993,Iliman,Ndiaye,Ndiaye,965764
441024,Harrison,Ashby,Ashby,1111611
441164,Pedro,Porro Sauceda,Pedro Porro,941573
441191,Tino,Livramento,Livramento,1107910
441192,Jeremy,Sarmiento Morante,Sarmiento,1298925
441240,Romain,Faivre,Faivre,904021
441266,Ryan,Gravenberch,Gravenberch,956683
441271,Ki-Jana,Hoever,Hoever,1010733
441302,Ian,Maatsen,Maatsen,966026
441428,Jarell,Quansah,Quansah,1107620
441455,Victor,da Silva,Vitinho,905498
442229,Michał,Karbownik,Karbownik,1065940
442335,Edo,Kayembe,Kayembe,909803
443211,Rhys,Norrington-Davies,Norrington-Davies,914132
443261,Jack,Clarke,J.Clarke,914402
443296,Theo,Corbeanu,Corbeanu,1113737
443629,Marcelo,de Araújo Pitaluga Filho,Pitaluga,1117148
443661,Michael,Olise,Olise,1029063
443967,Junior,Firpo Adames,Firpo,743192
444102,Francisco Evanilson,de Lima Barbosa,Evanilson,1098096
444145,Gabriel,Martinelli Silva,Martinelli,1021586
444172,Will,Dennis,Dennis,1096635
444180,Jaidon,Anthony,Anthony,1171140
444181,Nnamdi,Ofoborh,Ofoborh,959401
444183,Gavin,Kilkenny,Kilkenny,1086939
444253,Jordan,Thomas,Thomas,1089735
444463,Wesley,Fofana,Fofana,917802
444575,Toby,King,King,1187269
444765,Sepp,van den Berg,Van den Berg,919435
444880,Mika,Biereth,Biereth,1113809
444884,Harvey,Elliott,Elliott,963964
445044,Dejan,Kulusevski,Kulusevski,935379
445122,Jurriën,Timber,J.Timber,942381
445548,Odeluga,Offiah,Offiah,1190030
445550,Thomas,Dickson-Peters,Dickson-Peters,1089743
445896,Kgaogelo,Chauke,Chauke,1089762
446008,Bryan,Mbeumo,Mbeumo,923312
446189,Matej,Kovár,Kovár,1077903
446281,Tony,Springett,Springett,1113727
447093,Allan,Tchaptchet,Tchaptchet,968952
447107,Ethan,Wady,Wady,1187276
447203,Darwin,Núñez Ribeiro,Darwin,950561
447235,Troy,Parrott,Parrott,942365
447261,Mackenzie,Hunt,Hunt,1118487
447325,Harry,Tyrer,Tyrer,1086703
447372,Ryan,Finnigan,Finnigan,1186512
447373,Shane,Flynn,Flynn,937152
447715,Aaron,Ramsey,A.Ramsey,1113670
447720,Imari,Samuels,Samuels,1180165
447879,Joseph,Anang,Anang,963812
447880,Josh,Wilson-Esbrand,Wilson-Esbrand,1187225
447932,Jordan,Zemura,Zemura,982633
448047,Enzo,Fernández,Enzo,1137705
448089,João Victor,Gomes da Silva,Gomes,1174672
448482,Robert,Street,Street,1204282
448487,Andreas,Söndergaard,Söndergaard,968943
448496,Ed,Turns,Turns,1188024
448514,Rayan,Aït-Nouri,Aït-Nouri,933845
448791,Harvey,White,White,962026
449027,Giorgi,Mamardashvili,Mamardashvili,948800
449133,Harvey,Griffiths,Griffiths,1319546
449429,Jacob,Greaves,Greaves,1079103
449434,Anthony,Elanga,Elanga,1050166
449444,Mazeed,Ogungbo,Ogungbo,1086715
449781,Alexandre,Jankewitz,Jankewitz,982744
449871,Amadou,Onana,Onana,1185748
449926,Adrián,Bernabé,Bernabé,951714
449974,Lukas,Jensen,Jensen,937535
449988,Fábio,Soares Silva,Fábio Silva,1050158
450070,Crysencio,Summerville,Summerville,941213
450072,Shurandy,Sambo,Sambo,1125997
450197,George,Shelvey,G.Shelvey,1123536
450314,Matthew,Daly,Daly,942353
450434,Deniz,Undav,Undav,661519
450527,Mohammed,Salisu,Salisu,938247
450529,Lewis,Bate,Bate,1113904
450535,Malcolm,Ebiowei,Ebiowei,1308370
450539,Myles,Peart-Harris,Peart-Harris,1113813
450541,Luke,Plange,Plange,1113891
450542,Jesurun,Rak-Sakyi,J.Rak-Sakyi,1226789
450544,Charlie,Patino,Patino,1229058
450550,Fin,Stevens,Stevens,1130788
450553,Alex,Kirk,Kirk,1137500
451302,Altay,Bayındır,Bayindir,866967
451310,Jonathan,Tomkinson,Tomkinson,1187252
451340,Mitoma,Kaoru,Mitoma,862608
451432,David,Mota Veiga Teixeira do Carmo,David Carmo,954962
453537,Carlos,Mendes Gomes,Mendes,952150
454667,Jens,Cajuste,Cajuste,801120
455084,Leif,Davis,Davis,980381
456350,Gavin,Bazunu,Bazunu,939390
456512,Dan,Ndoye,Ndoye,1022649
456966,Caleb,Watts,Watts,1108610
457569,Đorđe,Petrović,Petrović,1067256
458249,Joshua,Zirkzee,Zirkzee,950830
458297,Pierre,Ekwah Elimby,Ekwah,1113784
459373,Gonçalo Bento,Soares Cardoso,Cardoso,959652
460028,Levi,Samuels Colwill,Colwill,1096400
460029,Nathan,Young-Coombes,Young-Coombes,1112689
460842,Mohammed,Kudus,Kudus,891743
461012,Cameron,Plain,Plain,1417796
461013,Euan,Pollock,Pollock,1309492
461017,Christian,Saydee,Saydee,1116148
461023,Ryan,Alebiosu,Alebiosu,1187285
461025,Nathan,Butler-Oyedeji,Butler-Oyedeji,1098816
461026,Chem,Campbell,Campbell,1107731
461080,Joseph,McGlynn,McGlynn,1186462
461096,Lewis,Richardson,Richardson,1086937
461102,Bobby,Thomas,Thomas,1161885
461188,Bashir,Humphreys,Humphreys,1238058
461195,Dennis,Cirkin,Cirkin,1118480
461199,Romaine,Mundle,Mundle,1123947
461201,Matthew,Craig,Craig,1289380
461212,Nile,John,John,1127306
461358,Julián,Álvarez,J.Alvarez,974753
461382,John-Kymani,Gordon,Gordon,1169591
461416,Tom,Cannon,Cannon,1113736
461421,Lewis,Dobbin,Dobbin,1098752
461446,Tyler,Onyango,Onyango,1109489
461450,Max,Thompson,Thompson,1113820
461453,Lewis,Warrington,Warrington,1113906
461484,Joe,White,White,1089689
461508,Lucas,De Bolle,De Bolle,1113898
461529,Charlie,Savage,Savage,1211644
461533,Ademipo,Odubeko,Odubeko,1113675
461537,Dermot,Mee,Mee,1367699
461548,Zidane,Iqbal,Iqbal,1138592
461558,Maxwell,Haygarth,Haygarth,1138717
461566,William,Fish,Fish,1098785
461567,Owen,Dodgson,Dodgson,1289949
461584,Wanya,Marçal-Madivádua,Marcal,1211640
461585,Tawanda,Maswanhise,Maswanhise,1187314
461587,Kasey,McAteer,McAteer,1113915
461682,Brandon,Aguilera Zamora,B.Aguilera,1021336
462116,Jean-Clair,Todibo,Todibo,955214
462381,Filip,Marschall,Marschall,1089687
462384,Jamal,Baptiste,Baptiste,1111613
462387,Ali,Al-Hamadi,Al-Hamadi,1113688
462424,William,Saliba,Saliba,955406
462438,Micah,Hamilton,Hamilton,1207956
462491,Luke,Chambers,Chambers,1249634
462492,Joe,Gauci,Gauci,970296
462635,Joe,Gelhardt,Gelhardt,956161
462831,Scott,Banks,Banks,1022849
463034,Liam,Delap,Delap,1113903
463067,Georginio,Rutter,Georginio,956925
463210,Shea,Charles,Charles,1281452
463212,Carlos Roberto,Forbs Borges,Forbs,1186529
463748,Karl,Hein,Hein,982692
463903,Jesper,Lindstrøm,Lindstrøm,958335
463912,Elia,Caprile,Caprile,958422
463936,Jamie,Bynoe-Gittens,Gittens,1113692
463981,James,Hill,Hill,959407
464353,Harvey,Davies,Davies,1236818
464618,Liam,McCarron,McCarron,960980
465299,Anthony,Mancini,Mancini,964356
465351,Matheus,Nunes,Matheus N.,955529
465390,Kaine,Kesler-Hayden,Kesler-Hayden,1089686
465527,Hannibal,Mejbri,Hannibal,1113785
465551,Nigel,Lonwijk,Lonwijk,1189622
465572,Reda,Khadra,Khadra,1089922
465607,Anssumane,Fati Vieira,Ansu Fati,1086012
465694,Nico,González Iglesias,N.Gonzalez,1280132
465702,Timothée,Pembélé,Pembele,1108603
465730,Maxim,De Cuyper,De Cuyper,1134871
465920,Mykhailo,Mudryk,Mudryk,976506
466052,Rayan,Cherki,Cherki,1104053
466075,Riccardo,Calafiori,Calafiori,1105912
466117,Naouirou,Ahamada,Ahamada,1192854
466404,Andrew,Omobamidele,Omobamidele,1050822
466525,Anton,Stach,Stach,881735
466955,Brandon,Pierrick,Pierrick,1121296
467114,Oliver,Casey,Casey,1117751
467169,Antony,dos Santos,Antony,967622
467189,Mads,Hermansen,Hermansen,967941
467311,Matthew,Pollock,Pollock,968936
467779,Mats,Wieffer,Wieffer,970243
468243,Kamil,Conteh,Conteh,1325210
469142,Jan Paul,van Hecke,Van Hecke,974618
469247,Samuel,Iling-Junior,Iling Jr,1368061
469249,Nohan,Kenneh,Kenneh,1203668
469272,Loum,Tchaouna,Tchaouna,1283034
470255,Caleb,Taylor,Taylor,1194286
470294,Darko,Gyabi,Gyabi,1125874
470296,Jeremiah,Chilokoa-Mullen,Chilokoa-Mullen,1187324
471471,Imrân,Louza,Louza,993022
471798,Gabriel,Słonina,Slonina,1031220
471848,Femi,Seriki,Seriki,997560
472464,Shola,Shoretire,Shoretire,1189627
472713,Aaron,Hickey,Hickey,1002039
472739,Carl,Rushworth,Rushworth,1187236
472769,Nico,O'Reilly,O’Reilly,1300526
473341,Caleb,Okoli,Okoli,1006676
473342,Stuart,McKinstry,McKinstry,1006677
474003,Leonardo,Campana,Campana,1032040
474120,Julio,Enciso Espínola,Enciso,1073742
474772,Ben,Greenwood,Greenwood,1281465
474803,Eddie,Beach,Beach,1421811
474907,Reece,Welch,Welch,1113778
474908,Jadan,Raymond,Raymond,1288291
475123,Carlos Miguel,dos Santos Pereira,C.Miguel,1043826
475168,João Pedro,Junqueira de Jesus,João Pedro,1021382
475480,Benicio,Baker-Boaitey,Baker-Boaitey,1516021
475492,Oliver,Hammond,Hammond,1287618
476161,Lewis,Payne,Payne,1236349
476344,Jhon,Durán,Duran,1088066
476369,Issa,Kaboré,Kaboré,1099974
476502,Boubacar,Traoré,B.Traore,1054122
476888,Sékou,Mara,Mara,1177312
476938,Ismaila,Coulibaly,Coulibaly,1035202
477064,Rico,Lewis,Lewis,1288450
477386,Armel,Bella-Kotchap,Bella-Kotchap,951765
477424,Joško,Gvardiol,Gvardiol,1070712
477547,Leo Fuhr,Hjelde,Hjelde,1222770
477555,Oscar,Bobb,Bobb,1113790
477580,Illia,Zabarnyi,Zabarnyi,1140003
477717,Maxime,Estève,Estève,1250443
477733,Radek,Vítek,Vítek,1360352
477851,Abdoullah,Ba,Ba,1239583
478028,Kayky da Silva,Chagas,Kayky,1244631
478227,Stefan,Parkes,Parkes,1227860
478449,Kyron,Gordon,Gordon,1182932
478912,Carney,Chukwuemeka,Chukwuemeka,1089685
478969,Hjalmar,Ekdal,Ekdal,831044
479641,Sebastian,Revan,Revan,1185783
479683,Marcus,Oliveira Alencar,Marquinhos,1255210
480216,Mateusz,Bogusz,Bogusz,954194
480455,Jarrad,Branthwaite,Branthwaite,1030829
480818,Billy,Koumetio,Koumetio,1096692
481283,James,Wright,Wright,1340673
481371,Zak,Brunt,Brunt,1187146
481405,Mads,Bidstrup,Bidstrup,1081025
481510,Victor,Kristiansen,Kristiansen,1211437
481624,Jaden,Philogene,Jaden,1089645
481626,Christian,Marques,Marques,1070974
481655,Martín,Zubimendi Ibáñez,Zubimendi,1031325
482158,Lucas,Bergström,Bergström,1096396
482442,Pape Matar,Sarr,P.M.Sarr,1107280
482609,Malo,Gusto,Gusto,1197250
482769,Máximo,Perrone,Perrone,1336582
482973,Igor Jesus,Maciel da Cruz,Igor Jesus,1082102
483081,Rodrigo,Martins Gomes,R.Gomes,1192166
483364,Krisztián,Hegyi,Hegyi,1089879
483365,Jonathan,Rowe,Rowe,1113694
483391,Luke,McNally,McNally,10879
483398,Matthew,Whittingham,Whittingham,1362377
484420,Enzo,Le Fée,E.Le Fée,1049999
484658,Kacper,Kozłowski,Kozlowski,1051411
485047,Felipe,Rodrigues da Silva,Morato,1053838
485055,Antonín,Kinský,Kinsky,1341475
486385,Norberto Bercique,Gomes Betuncal,Beto,1079485
486520,Ilia,Gruev,Gruev,1080983
486623,Sean,McAllister,McAllister,1113697
486672,Moisés,Caicedo Corozo,Caicedo,1137668
486870,Frederik,Alves,Alves,1024169
487053,Destiny,Udogie,Udogie,1052898
487117,Evan,Ferguson,Ferguson,1068482
487676,Trai,Hume,Hume,1067763
487693,Devan,Tanton,Tanton,1343474
487702,Luca,Koleosho,Koleosho,1368318
487818,Joe,Whitworth,Whitworth,1253868
487828,Omari,Forson,Forson,1190023
487835,Benjamin,Chrisene,Chrisene,1081241
487836,Antwoine,Hackford,Hackford,1182933
487837,Divin,Mubama,Mubama,1203658
487838,Lewis,Hall,Hall,1197655
487968,Ameen,Al-Dakhil,Al-Dakhil,1279764
488404,Facundo,Pellistri Rebollo,Pellistri,1073402
488439,Woyo,Coulibaly,Coulibaly,1074476
488464,Caleb,Wiley,Wiley,1170744
489571,Etienne,Green,Green,1227521
489580,Calvin,Ramsay,Ramsay,1076952
489639,Bart,Verbruggen,Verbruggen,1131987
489706,Justin,Devenny,Devenny,1336751
490000,Blondy,Nna Noukeu,Nna Noukeu,1167456
490094,Tim,Iroegbunam,Iroegbunam,1203512
490095,Ty,Barnett,Barnett,1200812
490098,Kaine,Hayden,Hayden,1089686
490138,Jakub,Ojrzynski,Ojrzynski,1113805
490142,Freddie,Potts,Potts,1206287
490145,Dane,Scarlett,Scarlett,1113753
490146,Jay,Stansfield,Stansfield,1113816
490150,Michael,Ndiweni,Ndiweni,1188060
490161,Abu,Kamara,Kamara,1136450
490180,Aribim,Pepple,Pepple,1370500
490503,Samuel,Edozie,Edozie,1130774
490721,Hugo,Bueno López,H.Bueno,1116391
490881,Toby,Collyer,Collyer,1421810
490885,George,Earthy,Earthy,1211806
490887,Zach,Awe,Awe,1213651
491007,Dário,Luís Essugo,D.Essugo,1239595
491008,Diogo,Pinheiro Monteiro,Monteiro,1218999
491011,Diego Manuel Jadon,da Silva Moreira,Diego Moreira,1342754
491012,Youssef,Ramalho Chermiti,Y.Chermiti,1356310
491279,Micky,van de Ven,Van de Ven,1097466
491287,Enzo,Barrenechea,Barrenechea,1352923
491501,James,McConnell,McConnell,1231075
491551,Thierry,Small,Small,1195277
491556,Charlie,Whitaker,Whitaker,1186465
491557,Jenson,Metcalfe,Metcalfe,1249605
491559,Isaac,Price,Price,1246270
491598,Cameron,Peupion,Peupion,1197512
491745,Elijah,Campbell,Campbell,1306239
491785,Harvey,Vale,Vale,1180500
491970,Bobby,Clark,Clark,1296625
492066,Niall,Huggins,Huggins,1206310
492368,Isaac,Schmidt,Schmidt,1107423
492373,Charlie,Cresswell,Cresswell,1186444
492374,Jack,Jenkins,Jenkins,1192952
492776,Dexter,Lembikisa,Lembikisa,1350598
492777,Conor,Bradley,Bradley,1113690
492779,Yago,de Santiago Alonso,Yago Santiago,1137497
492831,Zeki,Amdouni,Amdouni,1067168
492859,Wilfried,Gnonto,Gnonto,1107286
493105,Alejandro,Garnacho Ferreyra,Garnacho,1203665
493121,Roshaun,Mathurin,Mathurin,1213661
493125,Radu,Drăgușin,Dragusin,1203661
493250,Amad,Diallo,Amad,1070052
493347,Denis,Franchi,Franchi,1229791
493736,Jimmy,Morgan,Morgan,1296772
493837,Jay,Matete,Matete,1096699
493928,Marcelo,Flores,Flores,1186513
493934,Kwadwo,Baah,Baah,1097753
494041,Ethan,Brierley,Brierley,1098754
494307,Max,Alleyne,Alleyne,1414691
494521,Adrien,Truffert,Truffert,1177358
494541,Kamari,Doyle,Doyle,1254240
494543,Dominic,Ballard,Ballard,1254208
494551,Jayden,Moore,Moore,1612691
494595,Florian,Wirtz,Wirtz,1152455
494779,Albert,Grønbæk,Grønbæk,1133381
494960,Quilindschy,Hartman,Hartman,1393669
495024,Jay,Robinson,Jay Robinson,1453338
495145,Alex,Paulsen,Paulsen,1272118
495161,Marko,Stamenić,Stamenic,1209597
495542,Niels,Nkounkou,Nkounkou,1104441
496178,Roman,Dixon,Dixon,1414130
496179,Alfie,Devine,Devine,1178263
496185,Kaide,Gordon,Gordon,1211648
496208,Ben,Doak,Doak,1324871
496221,Adam,Wharton,Wharton,1296650
496222,Zak,Sturge,Sturge,1421813
496228,Sonny,Perkins,Perkins,1199868
496279,Isaac,Heath,Heath,1288287
496283,Mahamadou,Susoho,Susoho,1333449
496661,Tyler,Dibling,Dibling,1292833
496683,Max,Kinsey,Kinsey,1437093
497605,Liam,Gibbs,Gibbs,1111391
497606,Tawanda,Chirewa,Chirewa,1111392
497894,Rasmus,Højlund,Højlund,1199272
498016,Robin,Roefs,Roefs,1125720
498046,Salah-Eddine,Oulad M'hand,Oulad M'hand,1187287
499167,Josh,Nichols,Nichols,1559621
499169,Myles,Lewis-Skelly,Lewis-Skelly,1406436
499175,Ethan,Nwaneri,Nwaneri,1254234
499300,Adam,Aznou,Aznou,1573563
499309,Marc,Guiu Paz,Marc Guiu,1412137
499717,Jayden,Meghoma,Meghoma,1574106
499721,Mikey,Moore,Moore,1407250
499724,Samuel,Amo-Ameyaw,Amo-Ameyaw,1418073
499726,Callum,Olusesi,Olusesi,1431275
499857,Teddy,Sharman-Lowe,Sharman-Lowe,1117871
500016,Welington Damascena,Santos,Welington,1118192
500040,Cristhian,Mosquera,Mosquera,1298907
500052,Luca,Barrington,Barrington,1288346
500058,Jayden,Danns,Danns,1416696
500267,Loïc,Badé,Badé,1119461
500696,Nectarios,Triantis,Triantis,1338086
500926,Ronnie,Edwards,Edwards,1121314
501284,Michael,Olakigbe,Olakigbe,1130797
501468,Tayo,Adaramola,Adaramola,1197626
501620,Dante,Cassanova,Cassanova,1190031
501770,Ben,Nelson,Nelson,1187317
501837,Yerson,Mosquera Valdelamar,Mosquera,1200657
502222,Ramón,Sosa,Sosa,1132960
502500,Igor Thiago,Nascimento Rodrigues,Thiago,1302005
502697,Carlos,Alcaraz Durán,Alcaraz,1128965
503139,Alex,Scott,Scott,1233655
503300,Matthew,Cox,Cox,1184672
503301,Omari,Giraud-Hutchinson,Hutchinson,1215652
503308,James,Sweet,Sweet,1214026
503714,Lesley,Ugochukwu,Ugochukwu,1200631
503724,Lorenz,Assignon,Assignon,1192406
504198,Anis,Slimane,Slimane,1055316
504296,Coby,Ebere,Ebere,1396326
504598,Daniel,Gore,Gore,1292838
504750,Justin,Hubner,Hubner,1213683
504751,Mauro,Bandeira,Bandeira,1206285
504783,Kamaldeen,Sulemana,Kamaldeen,1130691
505187,Cesare,Casadei,Casadei,1339372
505265,Cheikh,Diaby,Diaby,1188656
507433,Hákon Rafn,Valdimarsson,Valdimarsson,850962
508395,Yehor,Yarmoliuk,Yarmoliuk,1157236
508479,Filip,Jörgensen,Jörgensen,1200984
509291,André,Trindade da Costa Neto,André,1174296
509416,Yasin,Ayari,Ayari,1168311
510281,Sávio,Moreira de Oliveira,Savinho,1174337
510328,Stanley,Mills,Mills,1254762
510362,Toti,Gomes,Toti,1013277
510363,Francisco Jorge,Tomás Oliveira,Chiquinho,1127007
510500,João Pedro,Ferreira da Silva,Jota,244563
510663,Hugo,Ekitiké,Ekitiké,1197030
511499,Mathys,Tel,Tel,1288111
511504,Kristian,Sekularac,Sekularac,1417675
511783,Anass,Zaroury,Zaroury,1069536
512462,Jake,O'Brien,O'Brien,1098607
513046,Danilo,dos Santos de Oliveira,Danilo,1181700
513418,Kevin,Schade,Schade,1083796
513433,Brajan,Gruda,Gruda,1430151
513527,Bilal,El Khannouss,El Khannouss,1340895
513588,Jamie,Donley,Donley,1211646
513789,Thanawat,Suengchitthawon,Suengchitthawon,1194305
513834,Andrew,Moran,Moran,1137404
513836,Leigh,Kavanagh,Kavanagh,1292786
513840,Samy,Chouchane,Chouchane,1231572
513852,Kris,Moore,Moore,1187321
514154,Ben,Jackson,Jackson,1188031
514229,Sam,Waller,Waller,1338966
514254,Diego,Gómez Amarilla,Gomez,1354561
514277,Jimi,Tauriainen,Tauriainen,1188035
514280,Alfie,Gilchrist,Gilchrist,1226756
514284,Joe,Wormleighton,Wormleighton,1244302
514287,Sil,Swinkels,Swinkels,1197533
514307,Jack,Henry-Francis,Jack Henry-Francis,1257557
514315,Lino,da Cruz Sousa,Sousa,1199709
514356,Roméo,Lavia,Lavia,1190867
514362,Temple,Ojinnaka,Ojinnaka,1249626
514514,Lewis,Koumas,Koumas,1364042
514613,Zak,Johnson,Johnson,1318713
515023,Matthew,Dibley-Dias,Dibley-Dias,1217143
515024,Luke,Harris,Harris,1199712
515496,Owen,Goodman,Goodman,1415372
515500,Rhys,Bennett,Bennett,1341388
515501,Álvaro,Fernández Carreras,Fernandez,1190025
515503,Jack,Wells-Morrison,Wells-Morrison,1235089
515504,Joe,Hugill,Hugill,1113699
515571,Juan,Larios López,Larios,1195885
515597,Lamare,Bogarde,Bogarde,1190033
515599,Tommi,O'Reilly,O'Reilly,1235094
515621,Chadi,Riad Dnanou,Chadi Riad,1187506
516159,Oliwier,Zych,Zych,1117055
516211,Abdallah,Sima,Sima,1189856
516250,Jacob,Wright,Wright,1460176
516432,Valintino,Adedokun,Adedokun,1190125
516874,Charles,Sagoe,Sagoe,1288276
516895,Kobbie,Mainoo,Mainoo,1292810
516939,Emmanuel,Agbadou,Agbadou,1114979
517052,Nicolas,Jackson,N.Jackson,1197347
517178,Elkan,Baggott,Baggott,1193997
517179,Alfie,Pond,Pond,1284082
517995,Leo,Castledine,Castledine,1226849
517996,Ronnie,Stutter,Stutter,1229118
518030,Max,Weiß,Weiss,1307639
518199,Fabian,Mrozek,Mrozek,1384210
518438,Kaelan,Casey,Casey,1302814
518442,Lewis,Orford,Orford,1331666
518466,Willy,Kambwala,Kambwala,1344550
518467,Marc,Jurado Gomez,Jurado,1300458
518504,James,Storer,Storer,1310631
518620,Ângelo Gabriel,Borges Damaceno,Ângelo,1199757
518892,Ted,Curd,Curd,1422742
518906,Owen,Bevan,Bevan,1334834
519198,Alex,Matos,Matos,1202031
519223,Sammy,Braybrooke,Braybrooke,1353551
519321,Alfie,Dorrington,Dorrington,1334829
519324,Amario,Cozier-Duberry,Cozier-Duberry,1254170
519325,Habeeb,Ogunneye,Ogunneye,1360346
519327,George,Abbott,Abbott,1347713
519328,Callum,Scanlon,Scanlon,1355539
519634,Jenson,Seelt,Seelt,1203192
519895,Oliver,Sonne,Sonne,1060617
520295,David Datro,Fofana,D.D.Fofana,1207581
521966,Finley,Munroe,Munroe,1331697
523700,Daniel,Jebbison,Jebbison,1253827
523957,Bénie,Traoré,T.Bénie,1231770
524069,Dale,Taylor,Dale Taylor,1174485
524070,Jamie,McDonnell,McDonnell,1358339
524180,Cameron,Humphreys,Humphreys,659198
524196,Shaqai,Forde,Forde,1340952
530117,Louis,Jackson,Jackson,1463267
530121,Zain,Silcott-Duberry,Silcott-Duberry,1290411
530318,Kaden,Rodney,Rodney,1244376
530873,Dara,Costelloe,Costelloe,1045828
531076,Frankie,Maguire,Maguire,1229784
531170,Nasser,Djiga,Djiga,1273707
531363,Nathan,Fraser,Fraser,1292835
531442,Abdul,Fatawu,A.Fatawu,1265626
531989,David,Ozoh,Ozoh,1330872
531993,Ademola,Ola-Adebomi,Ola-Adebomi,1236382
531997,Henry,Cartwright,Cartwright,1621135
532135,Killian,Phillips,Phillips,1239281
532372,Oliver,Arblaster,Arblaster,1344572
532377,Louie,Marsh,Marsh,1430852
532528,Joshua,Duffus,Duffus,1342778
532529,Jack,Hinshelwood,Hinshelwood,1251334
532534,Will,Alves,Alves,1329813
532535,Thomas,Wilson-Brown,Wilson-Brown,1528839
532605,Andrey,Nascimento dos Santos,Andrey Santos,1372921
533463,Dango,Ouattara,O.Dango,1250253
533710,Iwan,Morgan,Morgan,1482742
533719,Adrian,Blake,Blake,1365253
534392,Mason,Burstow,Burstow,1293027
534836,Travis,Patterson,Patterson,1242194
535017,Julian,Eyestone,Eyestone,1712233
535262,Reuell,Walters,Walters,1327975
535264,Bradley,Ibrahim,Ibrahim,1330873
535301,Carlos,Baleba,Baleba,1352713
535339,Tiago,Çukur,Çukur,1279914
535818,Simon,Adingra,Adingra,1227012
535928,Stefan,Bajčetić Maquieira,Bajcetic,1310118
536109,Ollie,Scarles,Scarles,1315319
536110,Josh,Feeney,Feeney,1250240
536119,Charlie,Crew,Crew,1398938
536238,Ishé,Samuels-Smith,Samuels-Smith,1419974
536241,Martin,Sherif,Sherif,1290932
536677,Detlef Esapa,Osong,Osong,1290925
536681,Joe,Gardner,Gardner,1319809
536694,Matheus,França de Oliveira,M.França,1316124
536908,Alejo,Véliz,Veliz,1250658
536916,Facundo,Buonanotte,Buonanotte,1336566
537043,Kaine,Kesler Hayden,Kesler Hayden,1089686
537403,Kadan,Young,Young,1362972
538182,Jimi,Gower,Gower,1254278
538206,Jordan,Amissah,Amissah,1348595
538207,William,Osula,Osula,1258092
538210,Andre,Brooks,Brooks,1396784
539721,Ruairi,McConville,McConville,1355258
541462,Matai,Akinmboni,Akinmboni,1347568
543158,Valentín,Barco,Barco,1272440
543295,Antoni,Milambo,Milambo,1276312
544877,Milos,Kerkez,Kerkez,1195281
545477,Alex,Murphy,A.Murphy,1362341
545508,Joseph,O'Brien-Whitmarsh,O'Brien-Whitmarsh,1437326
547027,Habib,Diarra,Diarra,1285866
547037,Jack,Fletcher,J.Fletcher,1575707
547410,Harrison,Jones,H.Jones,1365245
547659,Josh,Powell,Powell,1340670
547668,Axel,Piesold,Piesold,1437878
547673,Charlie,Robinson,C.Robinson,1319548
547676,Tyler,Fredricson,Fredricson,1403351
547686,Luc,De Fougerolles,De Fougerolles,1399943
547692,Samuel,Rak-Sakyi,Rak-Sakyi,1288449
547693,Somto,Boniface,Boniface,1469135
547701,Archie,Gray,Gray,1323305
547716,Ben,Parkinson,Parkinson,1296765
547719,Lewis,Miley,L.Miley,1296763
547720,Charlie,Tasker,Tasker,1446742
547801,Callum,Bates,Bates,1446668
548308,Ashley,Phillips,Phillips,1290962
549014,Noël,Atom,Atom,1417073
549067,Zach,Abbott,Abbott,1296769
549068,Omari,Kellyman,Kellyman,1315477
549074,Tom,Watson,Watson,1310131
549329,Lucas,Pires Silva,Lucas Pires,1291325
549344,Sam,Curtis,Curtis,1285838
549640,Michael,Golding,Golding,1398484
549912,Chemsdine,Talbi,Talbi,1368654
549939,Mike,Penders,Penders,1319972
550090,Diego,Coppola,Coppola,1321562
550141,Adrian,Mazilu,Mazilu,1386101
550596,Dominic,Sadi,Sadi,1301938
550615,Tyrique,George,George,1424875
550833,Noha,Lemina,N.Lemina,1402932
550839,Wilson,Odobert,Odobert,1341387
550864,Leny,Yoro,Yoro,1358581
551153,Luís Hemir,Silva Semedo,Luís Hemir,1342756
551206,Jaydon,Banel,Banel,1327789
551210,Jorrel,Hato,Hato,1413846
551221,Tommy,Setford,Setford,1243239
551226,Mateus Gonçalo,Espanha Fernandes,M.Fernandes,1356312
551230,Renato,Palma Veiga,Renato Veiga,1343750
551232,Rodrigo,Duarte Ribeiro,Ribeiro,1343749
551995,Taylan,Harris,Harris,1529865
552030,Aidan,Francis-Clarke,Francis-Clarke,1297974
552425,Sydie,Peck,Peck,1420818
552427,Will,Lankshear,Lankshear,1417094
553299,Takai,Kōta,Takai,1308600
554194,Jahmai,Simpson-Pusey,Simpson-Pusey,1463271
554197,Chris,Rigg,Rigg,1327319
554605,Dean,Huijsen,Huijsen,1367619
556639,Jayce,Fitzgerald,Fitzgerald,1432927
559684,Jack,Moorhouse,Moorhouse,1315314
559962,Jamaldeen,Jimoh-Aloba,Jimoh-Aloba,1557236
559963,Kiano,Dyer,Dyer,1360238
560248,Bastien,Meupiyou Menadjou,Meupiyou,1487920
560262,Eli Junior,Kroupi,Kroupi.Jr,1460534
563324,Brayden,Clarke,Clarke,1751837
563883,Vincent,Angelini,Angelini,1321131
563934,Tyrese,Hall,Hall,1448041
564406,Eliezer,Mayenda Dossou,Mayenda,1391052
564505,Sam,Proctor,Proctor,1596340
564510,Garang,Kuol,Kuol,1324022
565297,Mateo,Joseph Fernández-Regatillo,Mateo Joseph,1344677
565431,Callum,Marshall,Marshall,1327325
565858,Killian,Cahill,Cahill,1288116
566164,Sverre,Nypan,Nypan,1355509
567119,Shumaira,Mheuka,Mheuka,1346113
567121,Joe,Knight,Knight,1416710
568791,Callan,McKenna,McKenna,1475400
569014,Eric,da Silva Moreira,Da Silva Moreira,1487909
570241,Kim,Ji-soo,Ji-soo,1341538
570526,Lucas,Bergvall,Bergvall,1386775
573062,Martial,Godo,Godo,1302715
573808,Jack,Grieves,Grieves,1365254
574398,Franco,Umeh-Chibueze,Umeh,1437781
574402,Mark,O’Mahony,O’Mahony,1435604
574458,Mamadou,Sarr,M.Sarr,1426170
574799,Damola,Ajayi,Ajayi,1400214
575034,Ethan,Wheatley,Wheatley,1398915
575204,Claudio,Echeverri,Echeverri,1486264
575458,Jair,Paula da Cunha Filho,Jair Cunha,1391209
575476,Murillo,Costa dos Santos,Murillo,1458711
575901,Julio,Soler Barreto,Soler,1358655
576323,Oluwaseun,Adewumi,Adewumi,1393980
576637,Godwill,Kukonki,Kukonki,1683683
576756,Zépiqueno,Redmond,Redmond,1553363
576980,Zach,Marsh,Marsh,1413864
577016,Josh,Acheampong,Acheampong,1400216
577114,Luis Guilherme,Lira dos Santos,L.Guilherme,1458757
577669,Noah,Sadiki,Sadiki,1359649
577725,Josh,King,King,1422593
577731,Ben,Broggio,Broggio,1407239
577974,Harry,Amass,Amass,1430832
578153,Abdukodir,Khusanov,Khusanov,1362998
578512,Miodrag,Pivaš,Pivas,1655958
578545,Kosta,Nedeljković,Nedeljkovic,1513910
578614,Enock,Agyei,Boateng,1424757
579075,Asher,Agbinone,Agbinone,1422580
585472,Ryan,Oné,Oné,1390003
586268,Ármin,Pécsi,Pécsi,1366340
586309,Thierno,Barry,Barry,1398392
587178,Yasin,Özcan,Yasin,1393980
588555,Elyh,Harrison,Harrison,1422743
588793,Maldini,Kacurri,Kacurri,1531739
588796,Ismeal,Kabia,Kabia,1473063
589100,Jacob,Slater,Slater,1395681
589114,Zack,Nelson,Nelson,1411552
589507,Leon,Chiwome,Chiwome,1396741
590012,Caleb,Kporha,Kporha,1418099
590760,Daniel,Adu-Adjei,Adu-Adjei,1427857
591357,Ryan,Trevitt,Trevitt,1410396
591382,Genesis,Antwi,Genesis Antwi,1647186
591385,Samuel,Amissah,Amissah,1441892
591386,Trey,Nyoni,Nyoni,1436258
591538,Owen,Hampson,Hampson,1640210
591539,Billy,Blacker,Blacker,1612774
592031,Yankuba,Minteh,Minteh,1400227
592436,Travis,Hernes,Hernes,1400979
592661,Tristan,Crama,Crama,1130766
592662,Tony,Yogane,Yogane,1680560
592712,Tom,Taylor,Tom Taylor,1725234
592736,Maeson,King,King,1559624
593001,Enso,González Medina,Gonzalez,1458595
596047,Chido,Obi,Obi,1557220
596054,Tom,Edozie,Edozie,1469210
596572,Michael,Dacosta Gonzalez,Dacosta Gonzalez,1432570
596777,Patrick,Dorgu,Dorgu,1526560
597320,Harry,Howell,Harry Howell,1446616
597983,Ollie,Harrison,Harrison,1455602
599303,Sean,Neave,Neave,1443841
601496,Jili,Buyabu,Buyabu,1302716
601975,Yegor,Yarmolyuk,Yarmolyuk,1157236
602903,Ezra,Mayers,Mayers,1624950
602934,Fletcher,Holman,Holman,1538818
604988,Freddie,Simmonds,Freddie Simmonds,1602771
606689,Romelle,Donovan,Donovan,1433230
606745,Ayden,Heaven,Heaven,1559639
606774,Remy,Rees-Dottin,Rees-Dottin,1702426
606775,Ben,Winterburn,Winterburn,1697214
606798,Andrés,García,A.García,1430406
606921,Romain,Esse,Esse,1428401
607464,Michael,Kayode,Kayode,1429912
608060,Jayden,Luker,Luker,1430950
608181,Stefanos,Tzimas,Tzimas,1423616
609640,Mathis,Amougou,Amougou,1581053
609873,Harrison,Armstrong,Armstrong,1559637
610799,Luka,Vušković,Vuskovic,1413996
611011,Joseph,Johnson,Johnson,1437880
611134,Kendry,Páez Andrade,Paez,1443464
611695,Malick,Yalcouyé,Yalcouye,1602352
611917,Luca,Williams-Barnett,Williams-Barnett,1636112
611920,Malachi,Hardy,Hardy,1669939
611926,Amara,Nallo,Nallo,1589629
611975,Ahmed,Abdullahi,Abdullahi,1439393
612534,Benjamin,Fredrick,Fredrick,1478706
612855,Ibrahim,Osman,I.Osman,1215410
613120,Spike,Brits,Brits,1683840
613467,Wes,Okoduwa,Okoduwa,1559827
613804,El Hadji Malick,Diouf,Diouf,1451265
616059,Jack,Porter,Porter,1680994
616094,Dovydas,Sasnauskas,Sasnauskas,1614815
616222,Vitor,de Oliveira Nunes dos Reis,Vitor Reis,1580952
617054,Deivid Washington,de Souza Eugênio,Deivid,1458868
618873,Sékou,Koné,Kone,1710742
619146,Olabade,Aluko,Olabade Aluko,1580249
620408,Joachim,Kayi-Sanda,Kayi Sanda,1487907
622536,Benjamin,Arthur,Arthur,1621143
622758,Aarón,Anselmino,Anselmino,1494947
623095,Yang,Min-hyeok,Min-hyeok,1609329
624773,Estêvão,Almeida de Oliveira Gonçalves,Estêvão,1580774
626464,Gustavo,Nunes Fernandes Gomes,Nunes,1516030
626844,Milan,Aleksić,Aleksić,1631610
628204,Yunus Emre,Konak,Konak,1524063
630664,Jake,Evans,Jake Evans,1532256
632822,Archie,Harris,Harris,1702104
634640,Christian,Chigozie,Chigozie,1634781
640108,Antoñito,Cordero Campillo,Antoñito C.,1690283
641221,Pedro,Cardoso de Lima,Pedro Lima,1610952
643135,Fer,López González,Fer López,1573122
646754,Lander,Emery,Emery,1645942
647597,Dominic,Dos Santos Martins,Martins,1623044
647671,Mateus,Mané,Mané,1609213
647850,Charalampos,Kostoulas,Kostoulas,1561249
649208,Jeremy,Monga,Monga,1677188
661712,Diego,León Blanco,D.Leon,1661695
