code,first_name,second_name,web_name,understat
1243,Robert,Green,Green,4390
1616,Alexander,Manninger,Manninger,277
1632,Gareth,Barry,Barry,590
1718,John,Terry,Terry,917
1801,Paul,Robinson,Robinson,1667
1822,Shay,Given,Given,889
2404,Michael,Carrick,Carrick,654
2513,Jamie,Murphy,Murphy,6052
3201,Stuart,Taylor,Taylor,
3736,John,O'Shea,O'Shea,729
3773,Peter,Crouch,Crouch,872
5288,Gerhard,Tremmel,Tremmel,1062
5589,Dean,Whitehead,Whitehead,6328
6744,Lee,Grant,Grant,1742
7525,Steven,Pienaar,Pienaar,924
7551,Joleon,Lescott,Lescott,664
7638,Mark,Hudson,Hudson,
7645,Phil,Jagielka,Jagielka,587
7906,Damien,Delaney,Delaney,511
7958,Jermain,Defoe,Defoe,735
8380,James,Collins,Collins,655
8432,José,Reina,Reina,1374
9047,Glen,Johnson,Johnson,944
9089,Ben,Foster,Foster,803
9110,Shaun,Maloney,Maloney,1692
9808,Zlatan,Ibrahimovic,Ibrahimovic,1741
10318,Maarten,Stekelenburg,Stekelenburg,846
10460,Grant,Leadbitter,Leadbitter,5542
10589,Brian,Murphy,Brian Murphy,
11037,Rickie,Lambert,Lambert,816
11334,Petr,Cech,Cech,491
11352,Bruno,Saltor Grau,Bruno,6046
11467,Billy,Jones,Jones,742
11554,Julian,Speroni,Speroni,523
11735,Steve,Sidwell,Sidwell,1007
11829,Wayne,Routledge,Routledge,719
11854,Daryl,Murphy,Murphy,
11948,Andy,Lonergan,Lonergan,
11974,Eldin,Jakupovic,Jakupovic,1697
12002,Stewart,Downing,Downing,1712
12086,Boaz,Myhill,Myhill,820
12150,Glenn,Whelan,Whelan,862
12390,Allan,McGregor,McGregor,4409
12413,Robert,Huth,Huth,747
12496,Víctor,Valdés,Valdés,1705
12679,Michael,Dawson,Dawson,1744
12744,David,Nugent,Nugent,1753
12745,Leighton,Baines,Baines,588
12813,Jonathan,Walters,Walters,863
13017,Wayne,Rooney,Rooney,629
13152,Andy,King,King,784
14075,Patrice,Evra,Evra,1298
14295,Darren,Fletcher,Fletcher,809
14664,Gnegneri Yaya,Touré,Yaya Touré,878
14927,Greg,Halford,Halford,
14937,Cristiano Ronaldo,dos Santos Aveiro,Ronaldo,2371
15033,Wes,Morgan,Morgan,748
15109,Tom,Huddlestone,Huddlestone,1695
15114,Leon,Britton,Britton,830
15137,Liam,Rosenior,Rosenior,4462
15144,David,Marshall,Marshall,1684
15149,Simon,Francis,Francis,456
15157,James,Milner,Milner,489
15208,Bastian,Schweinsteiger,Schweinsteiger,907
15237,Andrew,Surman,Surman,460
15276,Joey,Barton,Barton,4430
15633,Alex,Baptiste,Baptiste,
15749,Joe,Hart,Hart,609
15885,Adam,Federici,Federici,469
15944,Michael,Kightly,Kightly,1668
15982,Dean,Marney,Marney,1658
16045,Ben,Watson,Watson,571
17127,Per,Mertesacker,Mertesacker,507
17336,Gaël,Clichy,Clichy,613
17339,Steven,Davis,Davis,883
17349,Aaron,Lennon,Lennon,593
17476,Vincent,Kompany,Kompany,612
17601,Scott,Carson,Carson,8158
17740,Jesús,Navas,Navas,616
17745,Kasper,Schmeichel,Schmeichel,745
17761,James,Tarkowski,Tarkowski,1665
17878,Cesc,Fàbregas,Fàbregas,686
17997,Phil,Bardsley,Bardsley,857
18006,Martin,Cranie,Cranie,6344
18008,James,Morrison,Morrison,990
18073,Mark,Noble,Noble,533
18155,Mathieu,Flamini,Flamini,895
18440,Leon,Clarke,Clarke,8061
18499,Michael,McGovern,McGovern,8022
18507,Diego,Da Silva Costa,Costa,802
18656,Heurelho da Silva,Gomes,Gomes,564
18665,Alexander,Tettey,Tettey,791
18726,Artur,Boruc,Boruc,455
18759,Álvaro,Arbeloa,Arbeloa,1704
18805,Joe,Ledley,Ledley,517
18832,Richard,Stearman,Stearman,
18867,Billy,Sharp,Sharp,7712
18892,Ashley,Young,Young,631
18987,Robert,Snodgrass,Snodgrass,1691
19057,Sebastian,Larsson,Larsson,740
19071,Uwe,Hünemeier,Hünemeier,4258
19101,Dimitrios,Konstantopoulos,Konstantopoulos,
19115,Curtis,Davies,Davies,1686
19151,Chris,Brunt,Brunt,904
19159,Ashley,Williams,Williams,709
19188,Scott,Dann,Dann,512
19194,David,Martin,Martin,8082
19197,Jason,Puncheon,Puncheon,514
19236,John,Ruddy,Ruddy,785
19272,Gareth,McAuley,McAuley,806
19342,Ikechi,Anya,Anya,577
19419,Gary,Cahill,Cahill,699
19520,Ryan,Babel,Babel,5176
19523,Sol,Bamba,Bamba,4027
19524,Santiago,Cazorla,Cazorla,965
19556,David,Jones,Jones,1787
19568,Ibrahim,Afellay,Afellay,864
19624,João Filipe Iria,Santos Moutinho,Moutinho,3422
19687,Alex,Bruce,Bruce,4411
19760,Fernando,Llorente,Llorente,1728
19812,Dusan,Kuciak,Kuciak,
19838,Robert,Elliot,Elliot,763
20037,Marc,Pugh,Pugh,466
20046,Stefano,Okaka,Okaka,1763
20047,Jordan,Rhodes,Rhodes,1714
20066,Wayne,Hennessey,Hennessey,509
20145,Adrian,Mariappa,Mariappa,524
20208,Charlie,Adam,Adam,873
20310,Willy,Caballero,Caballero,624
20399,Antonio,Barragán,Barragán,1706
20452,Shane,Long,Long,839
20467,Theo,Walcott,Walcott,503
20480,Tim,Krul,Krul,982
20481,Stephen,Ireland,Ireland,867
20487,Vito,Mannone,Mannone,726
20529,Glenn,Murray,Murray,882
20658,Pablo,Zabaleta,Zabaleta,610
20664,David,Silva,David Silva,617
20669,Shaun,MacDonald,MacDonald,471
20695,Antonio,Valencia,Valencia,627
21083,Nathan,Dyer,Dyer,783
21123,Valon,Behrami,Behrami,570
21205,Tom,Heaton,Heaton,1651
21246,Lewis,Grabban,Grabban,467
26719,Rene,Gilmartin,Gilmartin,
26901,Kevin,Mirallas,Mirallas,595
26921,Arouna,Koné,Koné,601
27334,Mathieu,Debuchy,Debuchy,967
27335,Stephan,Lichtsteiner,Lichtsteiner,1303
27341,Yohan,Cabaye,Cabaye,516
27436,David,McGoldrick,McGoldrick,7711
27462,Jesús,Gámez Duarte,Gámez,2329
27698,Matthew,Connolly,Connolly,
27707,Darron,Gibson,Gibson,921
27770,Birkir,Bjarnason,Bjarnason,8269
27789,Fernando,Luiz Rosa,Fernandinho,614
28082,Ralf,Fahrmann,Fahrmann,330
28147,Mohamed,Diamé,Diamé,4471
28160,Mario,Suárez,Suárez,576
28244,George,Boyd,Boyd,1656
28448,Lee,Cattermole,Cattermole,738
28462,Sam,Baldock,Baldock,6430
28468,Craig,Gardner,Gardner,812
28495,John Obi,Mikel,Mikel,685
28541,Fraizer,Campbell,Campbell,634
28554,Samir,Nasri,Nasri,877
28593,Victor,Anichebe,Anichebe,818
28609,Adam,Legzdins,Legzdins,
28654,Martin,Olsson,Olsson,798
28690,Pablo,Hernández Domínguez,Hernández,2164
32259,Darren,Randolph,Randolph,540
32318,Marc,Wilson,Marc Wilson,945
33148,Claudio,Bravo,Bravo,1731
33871,Ragnar,Klavan,Klavan,265
34654,Lukas,Jutkiewicz,Jutkiewicz,1664
36903,Gareth,Bale,Bale,2251
37002,Rouwen,Hennings,Hennings,7060
37096,Lukasz,Fabianski,Fabianski,706
37265,Alexis,Sánchez,Sánchez,498
37339,Ahmed,El Mohamady,El Mohamady,1685
37388,Marcin,Wasilewski,Wasilewski,760
37402,Christian,Fuchs,Fuchs,749
37572,Sergio,Agüero,Agüero,619
37605,Mesut,Özil,Özil,499
37614,Mario,Vrancic,Vrancic,12
37642,Jonny,Evans,Evans,807
37742,Younes,Kaboul,Kaboul,736
37748,Bacary,Sagna,Sagna,625
37869,Ryan,Shawcross,Shawcross,886
37901,Dimitri,Payet,Payet,536
37915,Hugo,Lloris,Lloris,637
37998,Bafétimbi,Gomis,Gomis,717
38038,Ben,Hamer,Hamer,1759
38290,Danny,Rose,Rose,641
38411,Nacho,Monreal,Monreal,495
38419,Loïc,Remy,Remy,690
38439,Etienne,Capoue,Capoue,572
38454,Dejan,Lovren,Lovren,602
38490,Beram,Kayal,Kayal,6409
38499,Tomer,Hemed,Hemed,4046
38533,Rui Pedro,dos Santos Patrício,Patrício,6849
38580,Jose,Fonte,Fonte,834
38588,Gaetano,Berardi,Berardi,9423
38716,Lee,Peltier,Peltier,6822
39104,Mousa,Dembélé,Dembélé,642
39155,Adam,Lallana,Lallana,486
39158,Scott,Arfield,Arfield,1659
39167,Andrea,Ranocchia,Ranocchia,1522
39187,Jeremain,Lens,Lens,781
39194,Jan,Vertonghen,Vertonghen,640
39215,Michel,Vorm,Vorm,651
39253,Jonas,Olsson,Olsson,805
39270,Marvin,Emnes,Emnes,829
39472,Dieumerci,Mbokani,Mbokani,795
39476,Sokratis,Papastathopoulos,Sokratis,371
39487,Erik,Pieters,Pieters,887
39725,Anders,Lindegaard,Lindegaard,
39790,Francisco,Casilla Cortés,Casilla,2259
39847,Steven,Defour,Defour,1657
40002,Matteo,Darmian,Darmian,557
40142,Andy,Carroll,Carroll,537
40145,Jack,Cork,Cork,712
40146,Ryan,Bertrand,Bertrand,835
40202,George,Friend,Friend,1708
40232,Gonzalo,Higuaín,Higuaín,1293
40276,Bojan,Krkic Perez,Bojan,871
40346,Erwin,Mulder,Mulder,
40349,Asmir,Begović,Begović,694
40383,Fraser,Forster,Forster,831
40386,Chris,Basham,Basham,7704
40387,Dan,Gosling,Gosling,462
40399,Sam,Vokes,Vokes,1661
40451,Anthony,Pilkington,Pilkington,
40555,Joe,Allen,Allen,480
40559,Fabricio,Agosto Ramírez,Fabri,2587
40564,Henri,Lansbury,Lansbury,7727
40616,Stephen,Ward,Ward,1655
40669,Angelo,Ogbonna,Ogbonna,528
40694,Roberto,Jimenez Gago,Roberto,5087
40720,Edinson,Cavani,Cavani,3294
40725,Danny,Simpson,Simpson,746
40755,Daniel,Sturridge,Sturridge,483
40772,Gökhan,Inler,Inler,761
40784,Mamadou,Sakho,Sakho,485
40833,Jérémy,Pied,Pied,1784
40836,Vicente,Guaita,Guaita,2190
40845,Dale,Stephens,Stephens,6051
40868,José,Holebas,Holebas,568
41135,Branislav,Ivanovic,Ivanovic,682
41184,Marouane,Fellaini,Fellaini,630
41251,Eduardo,dos Reis Carvalho,Eduardo,
41270,David,Luiz Moreira Marinho,David Luiz,1676
41320,Charlie,Daniels,Daniels,459
41321,Yohan,Benalouane,Benalouane,974
41328,César,Azpilicueta,Azpilicueta,681
41338,Craig,Cathcart,Cathcart,581
41464,Marko,Arnautovic,Arnautovic,865
41674,Kevin,Long,Long,1747
41705,Bradley,Guzan,Guzan,662
41725,Troy,Deeney,Deeney,574
41727,Ryan,Bennett,Bennett,787
41733,Georginio,Wijnaldum,Wijnaldum,771
41792,Aaron,Ramsey,Ramsey,504
41823,Fabian,Delph,Delph,876
41926,Almen,Abdi,Abdi,569
41945,Sebastian,Prödl,Prödl,566
42427,Kieran,Gibbs,Gibbs,545
42493,Mario,Balotelli,Balotelli,1817
42525,Stephen,Henderson,Henderson,
42564,Eric Maxim,Choupo-Moting,Choupo-Moting,339
42583,Sébastien,Pocognoli,Pocognoli,893
42593,Aleksandar,Kolarov,Kolarov,621
42727,Yoan,Gouffran,Gouffran,916
42738,Juan,Zuñiga,Zuñiga,1722
42748,Gaëtan,Bong,Bong,6105
42774,Morgan,Schneiderlin,Schneiderlin,551
42786,Eden,Hazard,Hazard,701
42824,Carlos,Sánchez,Carlos Sánchez,667
42892,Álvaro,Negredo,Negredo,1715
42899,Sergio,Romero,Romero,560
42996,Angel,Rangel,Rangel,707
43020,Javier,Hernández Balcázar,Chicharito,191
43191,Leiva,Lucas,Lucas,475
43250,Tom,Cleverley,Cleverley,596
43252,James,Chester,Chester,819
43521,Henri,Saivet,Saivet,778
43626,Håvard,Nordtveit,Nordtveit,202
43670,Juan,Mata,Mata,554
43693,Martín,Cáceres,Cáceres,1942
43808,Markus,Suttner,Suttner,379
44302,Adlène,Guédioura,Guédioura,583
44336,Sofiane,Feghouli,Feghouli,1674
44343,Bakary,Sako,Sako,520
44346,Olivier,Giroud,Giroud,502
44413,Steve,Mandanda,Mandanda,1670
44604,Nordin,Amrabat,Amrabat,575
44683,Jay,Rodriguez,Rodriguez,844
44699,Ashley,Barnes,Barnes,4422
45034,Ivan,Perišić,Perišić,448
45076,Lamine,Koné,Koné,728
45124,André,Ayew,André Ayew,713
45196,Gary,Madine,Madine,6829
45220,Alex,Smithies,Smithies,
45268,Moussa,Sissoko,Sissoko,772
46483,Adrien,Silva,Silva,6464
46695,Ritchie,de Laet,de Laet,955
47247,John,Fleck,Fleck,7709
47390,Neil,Taylor,Taylor,710
47431,Willian,Borges Da Silva,Willian,700
48332,Orestis,Karnezis,Karnezis,1138
48615,Harry,Arter,Arter,881
48717,Winston,Reid,Reid,529
48760,Mathias,Jorgensen,Zanka,6030
48771,Emilio,Nsue Lopez,Nsue,1757
48773,Siem,de Jong,de Jong,774
48844,David,Ospina,Ospina,505
48860,Niki,Mäenpää,Mäenpää,6053
49013,Victor,Moses,Moses,541
49083,Luke,Freeman,Freeman,7713
49195,Jefferson,Montero,Montero,715
49202,Sean,Scannell,Scannell,
49207,Rudy,Gestede,Gestede,671
49262,Jason,Steele,Steele,7235
49277,Leroy,Fer,Fer,711
49382,Bruno,Ecuele Manga,Ecuele Manga,4883
49384,Jack,Rodwell,Rodwell,733
49413,James,Tomkins,Tomkins,530
49438,Jordon,Mutch,Mutch,632
49440,Hal,Robson-Kanu,Robson-Kanu,1738
49464,Cristhian,Stuani,Stuani,1709
49539,Kyle,Naughton,Naughton,718
49579,Pedro,Rodríguez Ledesma,Pedro,687
49688,Alfred,N'Diaye,N'Diaye,2144
49696,Mauro,Zárate,Zárate,939
49773,Albert,Adomah,Adomah,1782
49806,David Junior,Hoilett,Hoilett,4395
49845,Aron,Gunnarsson,Gunnarsson,7199
49944,Jake,Livermore,Livermore,1689
49957,Kamil,Grosicki,Grosicki,3231
49982,Sean,Morrison,Morrison,6823
50089,Geoff,Cameron,Cameron,859
50093,David,Button,Button,6843
50175,Danny,Welbeck,Welbeck,501
50229,Matt,Phillips,Phillips,1737
50232,Jonjo,Shelvey,Shelvey,769
50471,James,McArthur,McArthur,633
50472,James,McCarthy,McCarthy,589
51090,Thiago,Emiliano da Silva,Thiago Silva,3288
51344,Rajiv,van La Parra,van La Parra,6036
51507,Laurent,Koscielny,Koscielny,494
51917,Diego,Cavalieri,Cavalieri,
51927,Ben,Mee,Mee,1654
51934,Ron-Robert,Zieler,Zieler,91
51938,Marc,Albrighton,Albrighton,753
51940,David,De Gea Quintana,De Gea,546
52153,Miguel,Britos,Britos,567
52287,Evandro,Goebel,Evandro,5550
52484,Leon,Balogun,Balogun,394
52538,Fernando Francisco,Reges,Fernando,615
52775,Nicolas,Nkoulou,Nkoulou,
52940,Daryl,Janmaat,Janmaat,764
53371,David,Meyler,Meyler,1693
54102,Jack,Wilshere,Wilshere,1036
54284,Chris,Löwe,Löwe,6032
54316,Leonardo,Ulloa,Ulloa,756
54421,Floyd,Ayité,Ayité,3328
54469,Adam,Smith,Smith,825
54484,Francisco,Femenía Far,Femenía,5043
54513,Vicente,Iborra,Iborra,2065
54527,Loïc,Damour,Damour,7215
54694,Pierre-Emerick,Aubameyang,Aubameyang,318
54756,Victor,Wanyama,Wanyama,836
54764,Jonathan,Kodjia,Kodjia,7725
54771,Fabio Pereira,da Silva,Fabio,1752
54861,Christian,Benteke,Benteke,606
54908,Nacer,Chadli,Chadli,648
55037,Cheikhou,Kouyaté,Kouyaté,532
55038,Kevin,McDonald,McDonald,6836
55313,Franck,Tabanou,Tabanou,980
55317,Bernardo,Espinosa Zúñiga,Bernardo,1716
55422,Gylfi,Sigurdsson,Sigurdsson,714
55452,Yannick,Bolasie,Bolasie,518
55459,Aaron,Cresswell,Cresswell,534
55494,Joel,Ward,Ward,510
55605,Toby,Alderweireld,Alderweireld,639
55829,Claudio,Yacob,Yacob,808
55909,Chris,Smalling,Smalling,628
55914,Liam,Cooper,Cooper,8816
56192,Rhu-endly,Martina,Cuco Martina,832
56377,Andriy,Yarmolenko,Yarmolenko,6274
56827,Costel,Pantilimon,Pantilimon,580
56864,Francis,Coquelin,Coquelin,497
56872,Junior,Stanislas,Stanislas,463
56917,Steve,Cook,Cook,458
56979,Jordan,Henderson,Henderson,605
56981,Joe,Bennett,Bennett,959
56983,Matt,Ritchie,Ritchie,461
57001,Wilfried,Bony,Bony,622
57112,Eliaquim,Mangala,Mangala,626
57127,Teemu,Pukki,Pukki,7696
57134,Salomón,Rondón,Rondón,813
57145,Federico,Fernández,Fernández,708
57187,Giedrius,Arlauskis,Arlauskis,949
57249,Henrikh,Mkhitaryan,Mkhitaryan,317
57328,Nathaniel,Clyne,Clyne,603
57410,Nicolás,Otamendi,Otamendi,611
57513,Jonas,Lössl,Lössl,3468
57531,Michail,Antonio,Antonio,531
57586,Luciano,Narsingh,Narsingh,5554
57647,Lyle,Taylor,Taylor,
57736,Jan,Kirchhoff,Kirchhoff,232
57913,Barry,Douglas,Douglas,
58376,Alex,McCarthy,McCarthy,635
58476,Rui Pedro,da Rocha Fonte,Fonte,7145
58498,Odion,Ighalo,Ighalo,573
58621,Kyle,Walker,Walker,638
58771,Jack,Colback,Colback,767
58786,Martin,Kelly,Kelly,525
58791,Ryan,Mason,Mason,649
58822,Cédric,Alves Soares,Cédric,847
58845,Ciaran,Clark,Clark,875
58877,Daley,Blind,Blind,548
58893,Marcos,Rojo,Rojo,550
59044,Adam,Clayton,Clayton,1717
59115,Mile,Jedinak,Jedinak,515
59125,Connor,Wickham,Wickham,519
59614,Mark,Duffy,Duffy,
59735,Karl,Darlow,Darlow,780
59741,Max,Gradel,Gradel,464
59779,Pedro,Obiang,Obiang,542
59796,Gökhan,Töre,Töre,1703
59846,Ander,Herrera,Herrera,552
59856,Abel,Hernández,Hernández,1698
59859,Ilkay,Gündogan,Gündogan,314
59940,Kyle,Bartley,Bartley,964
59949,Seamus,Coleman,Coleman,585
59966,Alexandre,Lacazette,Lacazette,3277
60025,James,Rodríguez,James,2249
60165,Wahbi,Khazri,Khazri,734
60232,Craig,Dawson,Dawson,804
60252,Andros,Townsend,Townsend,775
60270,Simone,Zaza,Zaza,1642
60307,Pascal,Groß,Gross,239
60551,Ashley,Westwood,Westwood,669
60586,Johann Berg,Gudmundsson,Gudmundsson,1663
60598,Aleksandar,Dragovic,Dragovic,5219
60689,Chris,Wood,Wood,4456
60706,Adrián,San Miguel del Castillo,Adrián,527
60772,Thibaut,Courtois,Courtois,680
60794,Adam,Matthews,Matthews,1034
60914,Joel,Matip,Matip,332
61256,Carlos Henrique,Casimiro,Casemiro,2248
61262,Oscar,dos Santos Emboaba Junior,Oscar,692
61302,Ryan,Allsop,Allsop,1050
61316,Jose Luis,Mato Sanmartín,Joselu,866
61366,Kevin,De Bruyne,De Bruyne,447
61538,Callum,McManaman,McManaman,880
61548,Manolo,Gabbiadini,Gabbiadini,1383
61558,Thiago,Alcántara do Nascimento,Thiago,229
61566,Roberto,Pereyra,Pereyra,1723
61595,Marc,Muniesa,Muniesa,860
61600,Romaine,Sawyers,Sawyers,8757
61603,Daniel,Drinkwater,Drinkwater,752
61604,Matty,James,James,4441
61739,Maxime,Le Marchand,Le Marchand,3304
61760,Kristoffer,Nordfeldt,Nordfeldt,722
61810,Pontus,Jansson,Jansson,1801
61858,Mame Biram,Diouf,Diouf,868
61916,Stefan,Johansen,Johansen,6838
61933,Shane,Duffy,Duffy,6047
62398,Nemanja,Matic,Matic,697
62399,Dusan,Tadic,Tadic,840
62974,Erik,Lamela,Lamela,644
63370,James,McClean,McClean,814
63426,Enda,Stevens,Stevens,7707
66242,Davy,Pröpper,Pröpper,6050
66247,Marvin,Zeegelaar,Zeegelaar,6303
66588,Luke,Ayling,Ayling,8716
66733,Juan,Cuadrado,Cuadrado,1089
66749,Romelu,Lukaku,Lukaku,594
66797,Simon,Mignolet,Mignolet,487
66838,Cenk,Tosun,Tosun,6477
66842,André,Schürrle,Schürrle,154
66975,Luka,Milivojevic,Milivojevic,5549
67089,Martin,Dubravka,Dubravka,6532
67184,Roderick Jefferson,Gonçalves Miranda,Miranda,
67527,Allan-Roméo,Nyom,Nyom,565
68312,Xherdan,Shaqiri,Shaqiri,888
68983,Matthew,Lowton,Lowton,1652
69140,Shkodran,Mustafi,Mustafi,1699
69143,Juraj,Kucka,Kucka,1123
69752,Norberto,Murara Neto,Neto,1297
69960,Philipp,Wollscheid,Wollscheid,858
71738,Marco,Stiepermann,Stiepermann,7694
72222,Mateusz,Klich,Klich,4381
72681,Denis,Odoi,Odoi,7077
73314,Willian José,Da Silva,Willian José,2361
73426,Andre,Gray,Gray,1660
73459,Ashley Darel Jazz,Richards,Jazz Richards,4467
73494,Grzegorz,Krychowiak,Krychowiak,2414
73889,Diafra,Sakho,Sakho,656
74033,Sam,Clucas,Clucas,1690
74208,Paul,Pogba,Pogba,1740
74230,Patrick,van Aanholt,van Aanholt,730
74297,Leandro,Bacuna,Bacuna,674
74375,Ezequiel,Schelotto,Schelotto,3873
74471,Aaron,Mooy,Mooy,6033
74854,Simon,Moore,Moore,7715
75115,Callum,Wilson,Wilson,468
75773,Chung-yong,Lee,Lee Chung-yong,526
75826,Danny,Ward,Ward,6830
75880,Daniel,Ayala,Ayala,1718
76306,Lukas,Rupp,Rupp,62
76357,Tom,Cairney,Cairney,6835
76359,Phil,Jones,Jones,951
76360,Nathaniel,Mendez-Laing,Mendez-Laing,6824
76542,Sung-yueng,Ki,Ki Sung-yueng,723
77359,Florian,Lejeune,Lejeune,5073
77454,Fabio,Borini,Borini,737
77610,Danny,Batth,Batth,
77760,Cristian,Gamboa,Gamboa,855
77762,Bryan,Oviedo,Oviedo,598
77777,Ahmed El-Sayed,Hegazy,Hegazi,3979
77794,Kieran,Trippier,Trippier,652
78007,Joshua,King,King,465
78056,Oriol,Romeu Vidal,Romeu,842
78091,Gastón,Ramírez,Ramírez,952
78315,Joel,Robles,Robles,584
78356,Charlie,Austin,Austin,848
78412,Shinji,Okazaki,Okazaki,754
78607,Kenny,McLean,McLean,7693
78830,Harry,Kane,Kane,647
78911,Kadeem,Harris,Harris,7120
78916,Dan,Burn,Burn,7382
79228,Pape,Souaré,Souaré,513
79619,Jonathan,Hogg,Hogg,6301
79733,Scott,Malone,Malone,6040
79852,Jed,Steer,Steer,4475
79934,Oliver,Norwood,Norwood,7710
80146,Jordan,Ayew,Ayew,672
80179,Adam,Forshaw,Forshaw,1711
80183,Luke,Garbutt,Garbutt,4437
80201,Bernd,Leno,Leno,181
80226,Serge,Aurier,Aurier,3600
80254,Carl,Jenkinson,Jenkinson,938
80447,Maya,Yoshida,Yoshida,845
80498,Eunan,O'Kane,O'Kane,472
80607,Christian,Eriksen,Eriksen,646
80711,Yaya,Sanogo,Sanogo,4402
80755,Danny,Williams,Williams,6037
80788,Daniel,Lafferty,Lafferty,4428
80789,Jordi,Amat,Amat,721
80792,Greg,Cunninghamm,Cunningham,6831
80801,Idrissa,Gueye,Gueye,668
80935,Papy,Djilobodji,Djilobodji,1071
80954,Rodrigo,Moreno,Rodrigo,2381
81012,Ryan,Fredericks,Fredericks,6891
81048,Josip,Drmic,Drmic,209
81061,Michael,Simões Domingues,Mika,
81183,Matej,Vydra,Vydra,1017
81441,Mark,Gillespie,Gillespie,
81880,Alex,Oxlade-Chamberlain,Chamberlain,966
82078,Kenneth,Zohore,Zohore,6928
82143,Wes,Foderingham,Foderingham,
82257,Raphael,Spiegel,Spiegel,
82263,Marcos,Alonso,Alonso,1621
82403,Wilfried,Zaha,Zaha,522
82428,Marten,de Roon,de Roon,1710
82514,Tim,Ream,Ream,7184
82660,Marco,Van Ginkel,Van Ginkel,946
82691,George,Baldock,Baldock,7706
82771,Markus,Henriksen,Henriksen,1696
83091,Borja,González Tomás,Bastón,1701
83283,Nathan,Redmond,Redmond,790
83299,Lewis,Dunk,Dunk,6048
83312,Ben,Gibson,Gibson,1707
83314,Jeff,Hendrick,Hendrick,1746
83427,Jack,Robinson,Jack Robinson,8286
83428,Grant,Hanley,Hanley,7690
83543,Anthony,Knockaert,Knockaert,4497
84112,Collin,Quaner,Quaner,6035
84182,Alphonse,Areola,Areola,2310
84384,Timm,Klose,Klose,162
84395,Florin,Gardos,Gardos,4405
84450,Granit,Xhaka,Xhaka,204
84583,Philippe,Coutinho Correia,Coutinho,488
84915,Michael,Hector,Hector,5274
84939,Danny,Ings,Ings,986
85017,Tendayi,Darikwa,Darikwa,
85128,Connor,Goldson,Goldson,6299
85242,Conor,Hourihane,Hourihane,7721
85352,Bruno,Martins Indi,Martins Indi,1743
85368,Christopher,Schindler,Schindler,6031
85624,Christian,Kabasele,Kabasele,1725
85654,Jordy,Clasie,Clasie,837
85955,Jorge Luiz,Frello Filho,Jorginho,1389
85971,Son,Heung-min,Son,453
86129,Kalidou,Koulibaly,Koulibaly,1376
86153,Martín,Montoya,Montoya,1950
86173,Manuel,Agudo Durán,Nolito,1732
86176,Tom,Ince,Ince,4454
86417,Jeffrey,Schlupp,Schlupp,757
86431,Brice,Dja Djédjé,Dja Djédjé,3605
86881,Nampalys,Mendy,Mendy,1785
86934,Manuel,Lanzini,Lanzini,535
87107,Cyrus,Christie,Christie,6833
87121,Kieron,Freeman,Freeman,8046
87396,Moritz,Leitner,Leitner,1217
87428,Elias,Kachunga,Kachunga,248
87447,Muhamed,Bešić,Bešić,908
87835,Matt,Doherty,Doherty,6852
87856,Michael,Hefele,Hefele,6039
87873,Stuart,Dallas,Dallas,8718
88170,Jiri,Skalak,Skalak,
88175,Lovre,Kalinic,Kalinic,8253
88248,Stefan,Ortega Moreno,Ortega,8786
88482,Álvaro,Morata,Morata,1804
88498,Benik,Afobe,Afobe,826
88734,Neil,Etheridge,Etheridge,6821
88894,Ross,Barkley,Barkley,592
88898,Moses,Odubajo,Odubajo,
88900,Jack,Stephens,Stephens,1735
88935,Steven,Berghuis,Berghuis,744
89068,Layvin,Kurzawa,Kurzawa,3298
89076,Remo,Freuler,Freuler,1488
89085,Nathaniel,Chalobah,Chalobah,1677
89274,José Ignacio,Peleteiro Romallo,Jota,2132
89335,Saúl,Ñíguez,Saúl,2266
89470,Onel,Hernández,Hernández,7697
89572,Denis,Suárez,Suárez,2308
90105,Ryan,Fraser,Fraser,1683
90152,Raphaël,Varane,Varane,2245
90263,James,Husband,Husband,5576
90440,Tom,Trybull,Trybull,7692
90517,Robbie,Brady,Brady,789
90518,Ravel,Morrison,Morrison,1883
90585,Willy,Boly,Boly,6850
90714,Ahmed,Musa,Musa,1681
91047,Stuart,Armstrong,S.Armstrong,6893
91126,Will,Keane,Keane,1047
91651,Mateo,Kovacic,Kovacic,2254
91972,Saido,Berahino,Berahino,811
91979,Jon,Flanagan,Flanagan,490
92159,Jetro,Willems,Willems,6143
92170,Massadio,Haidara,Haidara,943
92217,Roberto,Firmino,Firmino,482
92259,Neeskens,Kebano,Kebano,6840
92293,Omar,Elabdellaoui,Elabdellaoui,5551
92371,Pablo,Marí Villar,Pablo Marí,8380
92383,Nahki,Wells,Wells,6389
93001,Konstantinos,Stafylidis,Stafylidis,368
93100,Jannik,Vestergaard,Vestergaard,111
93127,Jesé,Rodríguez Ruiz,Jesé,2256
93264,Eric,Dier,Dier,643
93284,Florin,Andone,Andone,4068
93464,Tom,Carroll,Carroll,653
94147,Conor,Coady,Coady,6851
94245,Michy,Batshuayi,Batshuayi,1678
94248,Sergio,Rico,Rico,2072
94924,Gerard,Deulofeu,Deulofeu,591
94926,Olayinka Fredrick Oladotun,Ladapo,Ladapo,1778
95463,Danny,Ward,Ward,473
95508,Fredrik,Ulvestad,Ulvestad,1788
95658,Harry,Maguire,Maguire,1687
95715,Lucas,Rodrigues Moura da Silva,Lucas Moura,3293
96305,Jay,Fulton,Fulton,896
96306,Stephen,Kingsley,Kingsley,892
96764,M'Baye,Niang,Niang,1126
96767,Dimitri,Foulquier,Foulquier,2509
96778,Adam,Reach,Reach,
96787,Mohamed,Elyounoussi,Elyounoussi,6894
96994,Bobby,De Cordova-Reid,De Cordova-Reid,6827
97032,Virgil,van Dijk,Van Dijk,833
97296,Tommie,Hoban,Hoban,
97299,John,Stones,Stones,586
97485,Kevin,Wimmer,Wimmer,650
97615,Mike,van der Hoorn,van der Hoorn,1702
98745,Héctor,Bellerín,Bellerín,492
98747,Nick,Pope,Pope,5552
98770,Ørjan,Nyland,Nyland,250
98780,Juan Carlos,Paredes,Paredes,578
98914,Guido,Carrillo,Carrillo,3424
98980,Emiliano,Martínez Romero,Martínez,4401
99127,Joel,Campbell,Campbell,506
99323,Lazar,Markovic,Markovic,4406
100059,Alberto,Moreno,Moreno,608
100180,Danilo Luiz,da Silva,Danilo,2244
100412,André,Carrillo,Carrillo,6230
100649,Bernard,Anício Caldeira Duarte,Bernard,7063
101061,Philip,Heise,Heise,70
101105,Joe,Bryan,Bryan,6834
101148,Jamaal,Lascelles,Lascelles,766
101178,James,Ward-Prowse,Ward-Prowse,843
101179,Lloyd,Isgrove,Isgrove,1761
101184,Calum,Chambers,Chambers,508
101188,Lucas,Digne,Digne,1823
101394,Okay,Yokuslu,Yokuslu,6932
101537,Felipe Anderson,Pereira Gomes,Felipe Anderson,1208
101582,Frederico,Rodrigues de Paula Santos,Fred,6817
101668,Jamie,Vardy,Vardy,755
101982,Sam,Johnstone,Johnstone,978
102057,Raúl,Jiménez,Jiménez,4105
102366,Moritz,Bauer,Bauer,5453
102380,Antonio,Rüdiger,Rüdiger,1822
102738,Giannelli,Imbula,Imbula,861
102747,Djibril,Sidibé,Sidibé,3357
102826,Benjamin,Mendy,Mendy,3389
102836,Brice,Samba,Samba,4748
102884,Paulo,Gazzaniga Farias,Gazzaniga,973
103025,Riyad,Mahrez,Mahrez,750
103100,Jonathan,Williams,Williams,1060
103123,Sébastien,Haller,Haller,6144
103127,Molla,Wagué,Wagué,1159
103192,Kurt,Zouma,Zouma,935
103912,Jordon,Ibe,Ibe,481
103914,Charlie,Taylor,Taylor,6044
103955,Raheem,Sterling,Sterling,618
104073,Joe,Ralls,Ralls,6825
104535,Harry,Bunn,Bunn,
104542,Loris,Karius,Karius,37
104545,Tommy,Smith,Smith,6029
104547,Dwight,Gayle,Gayle,743
104953,Christian,Atsu,Atsu,2344
105377,Ezgjan,Alioski,Alioski,8722
105666,Jack,Butland,Butland,856
105700,Davide,Zappacosta,Zappacosta,1178
105717,Arthur,Masuaku,Masuaku,1760
106449,Kevin,Stewart,Stewart,479
106450,Alex,Pritchard,Pritchard,815
106603,Ezekiel,Fryers,Fryers,1671
106611,Michael,Keane,Keane,1653
106617,Patrick,Bamford,Bamford,822
106618,Paul,Dummett,Dummett,853
106757,Jürgen,Locadia,Locadia,6542
106760,Luke,Shaw,Shaw,1006
106824,Memphis,Depay,Depay,555
106837,Dennis,Praet,Praet,1234
106899,Roque,Mesa,Mesa,2356
107265,Angus,Gunn,Gunn,5544
107613,Romain,Saïss,Saïss,3491
108053,Conor,Townsend,Townsend,8905
108093,Luciano,Vietto,Vietto,2274
108156,Björn,Engels,Engels,7152
108413,Will,Hughes,Hughes,6104
108416,John,Egan,Egan,7703
108438,Sandro,Ramírez,Sandro,2537
108813,Christian,Walton,Walton,
108823,Dele,Alli,Dele,645
108824,Brendan,Galloway,Galloway,909
109065,Davy,Klaassen,Klaassen,6045
109322,Jesse,Lingard,Lingard,558
109345,Solly,March,March,6049
109434,Terence,Kongolo,Kongolo,6067
109528,Javier,Manquillo Gaitán,Manquillo,1719
109533,Emerson,Palmieri dos Santos,Emerson,1245
109638,Kean,Bryan,Bryan,9163
109646,Tosin,Adarabioyo,Tosin,5590
109745,Kepa,Arrizabalaga,Arrizabalaga,5061
109788,João Mário,Naval Costa Eduardo,João Mário,1512
109999,Ibrahima,Cissé,Cissé,6839
110504,Bertrand,Traoré,Traoré,695
110735,Adam,Webster,Webster,7699
110979,Sadio,Mané,Mané,838
111234,Jordan,Pickford,Pickford,741
111291,Fernando,Marçal,Marçal,5708
111317,David,Brooks,Brooks,6820
111457,Sead,Kolasinac,Kolasinac,342
111478,Joël,Veltman,Veltman,8780
111773,Emil,Krafth,Krafth,1545
111782,Robin,Olsen,Olsen,6962
111787,Modou,Barrow,Barrow,720
111847,Adama,Diomande,Diomande,1694
111931,Ricardo,Barbosa Pereira,Ricardo,3303
112139,James,Wilson,Wilson,992
112316,Jakob,Haugaard,Haugaard,870
112338,Emre,Can,Can,604
112507,Jack,Rose,Rose,
112516,Isaiah,Brown,Brown,4481
112520,Alex,Palmer,Palmer,
113534,Matt,Macey,Macey,
113564,Sam,Byram,Byram,902
113688,Oumar,Niasse,Niasse,599
114000,George,Honeyman,Honeyman,1046
114054,Omar,Bogle,Bogle,
114093,Matthew,Pennington,Pennington,920
114128,Jonathan,Castro Otto,Jonny,2280
114241,Harry,Toffolo,Toffolo,10758
114243,Jacob,Murphy,Murphy,6063
114245,Josh,Murphy,Murphy,6828
114283,Jack,Grealish,Grealish,675
114536,Ryan,Inniss,Inniss,
115357,Mouez,Hassen,Hassen,3313
115382,Neal,Maupay,Maupay,3621
115556,Ben,Davies,Davies,660
115854,Duncan,Watmore,Watmore,919
115858,Rachid,Ghezzal,Ghezzal,3276
115918,Rúnar Alex,Rúnarsson,Rúnarsson,6875
116216,Leandro,Trossard,Trossard,7698
116535,Alisson,Ramses Becker,Alisson,1257
116543,Valentino,Lazaro,Lazaro,6352
116594,N'Golo,Kanté,Kanté,751
116643,Fabio Henrique,Tavares,Fabinho,3420
118335,Abdul Rahman,Baba,Baba Rahman,684
118748,Mohamed,Salah,Salah,1250
118884,Erik,Durm,Durm,2640
119471,Fabian,Schär,Schär,76
119765,Allan,Marques Loureiro,Allan,1379
120202,Wout,Weghorst,Weghorst,7052
120250,André,Tavares Gomes,André Gomes,2383
120447,Bradley,Smith,Brad Smith,477
120721,Kevin,Mbabu,Mbabu,983
121145,João,Cancelo,Cancelo,2379
121160,Ederson,Santana de Moraes,Ederson,6054
121221,Ramiro,Funes Mori,Funes Mori,597
121570,Julian,Jeanvier,Jeanvier,10545
121599,Abdoulaye,Doucouré,Doucouré,1726
122074,Marcus,Bettinelli,Bettinelli,7076
122342,Emerson,Hyndman,Hyndman,6457
122775,Morgan,Sanson,Sanson,3696
122797,Callum,Paterson,Paterson,6826
122798,Andrew,Robertson,Robertson,1688
122806,John,McGinn,McGinn,7723
123125,Viktor,Fischer,Fischer,1713
123354,Kortney,Hause,Hause,6859
124165,Patrick,Roberts,Roberts,925
124183,Hakim,Ziyech,Ziyech,8992
126184,Nathan,Aké,Aké,579
126187,Ruben,Loftus-Cheek,Loftus-Cheek,688
126407,Nabil,Bentaleb,Bentaleb,914
126468,Tokelo,Rantie,Rantie,958
128198,Sofiane,Boufal,Boufal,1734
128295,Christian,Nørgaard,Nørgaard,7083
128309,Jamal,Lowe,Lowe,10865
128340,Kieffer,Moore,Moore,10743
128348,Ibrahim,Amadou,Amadou,3358
128389,Aleksandar,Mitrović,Mitrović,773
130025,Luis,Hernández,Hernández,1680
130036,Ozan,Tufan,Tufan,9957
130103,Hiram,Boateng,Boateng,1059
131304,William,Troost-Ekong,Troost-Ekong,6996
131403,Rhys,Healey,Healey,7340
131897,Mathew,Ryan,Ryan,2385
132015,Pierre-Emile,Højbjerg,Højbjerg,343
133798,Serge,Gnabry,Gnabry,993
133801,Jerome,Sinclair,Sinclair,972
133845,Emiliano,Marcondes,Marcondes,10745
134383,Connor,Randall,Randall,474
135363,Andreas,Christensen,Christensen,200
135365,Jeremie,Boga,Boga,3544
135720,Kevin,Danso,Danso,5261
138009,Sullay,Kaikai,Kaikai,1070
139110,Ondrej,Duda,Duda,5240
140200,Thomas,Strakosha,Strakosha,1214
140941,Stipe,Perica,Perica,1154
141020,Max,Meyer,Meyer,338
141569,Léo,Bonatini,Bonatini,6855
141746,Bruno,Borges Fernandes,Fernandes,1228
141921,Oluwaseyi,Ojo,Sheyi Ojo,478
143877,Alexander,Sørloth,Sørloth,6531
144485,Ivan,Toney,Toney,998
144660,Didier,Ndong,Ndong,1720
145212,Clinton,N'Jie,N'Jie,960
145235,José Ángel,Esmorís Tasende,Angeliño,1040
146426,Oluwasemilogo Adesewo Ibidapo,Ajayi,Ajayi,4490
146610,Jack,O'Connell,O'Connell,7705
146941,Aymeric,Laporte,Laporte,2498
147303,Laurent,Depoitre,Depoitre,6038
147612,Richairo,Zivkovic,Zivkovic,8472
147668,Cameron,Brannagan,Brannagan,1023
147675,Chuba,Akpom,Akpom,1790
148179,Enner,Valencia,Valencia,539
148225,Anthony,Martial,Martial,553
148508,Mahmoud Ahmed,Ibrahim Hassan,Trézéguet,7722
149016,Lynden,Gooch,Gooch,1027
149051,Ethan,Robson,Ethan Robson,
149065,José,Malheiro de Sá,Sá,9740
149266,Alfie,Mawson,Mawson,1727
149468,Tyias,Browning,Browning,977
149484,Tyrone,Mings,Mings,1024
149519,Maxwel,Cornet,Cornet,3278
149736,Chancel,Mbemba,Mbemba,849
149828,Islam,Slimani,Slimani,1682
149915,Diego,Llorente,Llorente,2163
151086,Mario,Lemina,Lemina,1299
151119,DeAndre,Yedlin,Yedlin,727
151589,Leander,Dendoncker,Dendoncker,7236
152015,Guillermo,Varela,Varela,547
152551,Jefferson,Lerma Solís,Lerma,2182
152590,Alex,Telles,Telles,1828
152760,Divock,Origi,Origi,484
152898,Ben,Davies,Davies,
153127,Isaac,Hayden,Hayden,6062
153133,Alex,Iwobi,Iwobi,500
153256,Mohamed,Elneny,Elneny,496
153366,Harrison,Reed,Reed,910
153371,Sam,Gallagher,Gallagher,4483
153373,Sam,McQueen,McQueen,1733
153379,Josh,Sims,Sims,5565
153477,Conor,Masterson,Masterson,
153601,Carlos,De Pena,De Pena,
153673,Jonjoe,Kenny,Kenny,1084
153678,Chris,Long,Long,
153682,Harry,Wilson,Wilson,5596
153723,John,Lundstram,Lundstram,7708
153772,Luke,McGee,McGee,
154043,Ainsley,Maitland-Niles,Maitland-Niles,1750
154050,Olufela,Olomola,Olomola,
154051,Oviemuno,Ejaria,Ejaria,1762
154131,Jack,Stacey,Stacey,7823
154138,Tariqe,Fosu-Henry,Fosu,10092
154296,João,Palhinha Gonçalves,Palhinha,10715
154506,Daniel,Bachmann,Bachmann,1025
154558,Thomas,Robson,Thomas Robson,1079
154559,Michael,Ledger,Ledger,
154561,David,Raya Martin,Raya,9676
154566,Dominic,Solanke,Solanke,1679
154976,Adnan,Januzaj,Januzaj,323
154998,Takuma,Asano,Asano,6087
155197,Max,Lowe,Lowe,8918
155405,Kalvin,Phillips,Phillips,8719
155408,Lewis,Cook,Cook,1789
155503,Freddie,Woodman,Woodman,852
155509,Greg,Olley,Olley,
155511,Adam,Armstrong,A.Armstrong,4419
155513,Rolando,Aarons,Aarons,915
155529,Marek,Rodák,Rodák,8704
155561,Ludwig,Augustinsson,Augustinsson,6083
155569,Daniel,Amartey,Amartey,759
155651,Adam,Masina,Masina,1441
155706,Dionatan do Nascimento,Teixeira,Teixeira,869
155851,Lucas,Pérez,Lucas,1700
156069,Liam,Gibson,Gibson,
156074,Rob,Holding,Holding,1749
156658,Reece,Burke,Burke,1771
156660,Moses,Makasi,Makasi,
156683,Pierluigi,Gollini,Gollini,1841
156685,Joe,Rothwell,Rothwell,
156686,James,Weir,Weir,562
156687,Ben,Pearson,Pearson,10742
156689,Andreas,Hoelgebaum Pereira,Andreas,922
156690,Joshua,Harrop,Harrop,5597
157665,Filip,Lesniak,Lesniak,5571
157668,Harry,Winks,Winks,971
157775,Ken,Sema,Sema,6841
157882,Takumi,Minamino,Minamino,8239
158074,Gabriel Armando,de Abreu,Gabriel,493
158499,Ryan,Christie,Christie,10744
158534,Kyle,Walker-Peters,Walker-Peters,885
158544,Jake,Hesketh,Hesketh,1755
159039,Antonio,Barreca,Barreca,1181
159506,Ola,Aina,Aina,725
159533,Adama,Traoré Diarra,Adama,900
160190,Kasey,Palmer,Palmer,705
160729,Jason,Denayer,Denayer,1039
160816,Donald,Love,Love,1048
160817,Patrick,McNair,McNair,559
160987,Jean-Philippe,Gbamin,Gbamin,4764
162344,Philip,Zinckernagel,Zinckernagel,
162651,Samir,Caetano de Souza Santos,Samir,1142
163463,Papa Alioune,Ndiaye,Badou Ndiaye,6525
163526,Edimilson,Fernandes,Fernandes,1673
163776,Erdal,Rakip,Rakip,
163793,Matt,Miazga,Miazga,683
164011,Mbaye,Diagne,Diagne,9290
164484,Zack,Steffen,Steffen,7817
164511,Yerry,Mina,Mina,6521
164555,Vladimir,Coufal,Coufal,8965
165153,Timo,Werner,Werner,65
165210,Alireza,Jahanbakhsh,Jahanbakhsh,6842
165659,Diego Carlos,Santos Silva,Diego Carlos,5712
165808,Hélder Wander,Sousa de Azevedo e Costa,Costa,3428
165809,Bernardo,Veiga de Carvalho e Silva,Bernardo,3635
165911,Bartosz,Kapustka,Kapustka,1786
165990,Vincent,Janssen,Janssen,1730
166324,Ivan,Neves Abreu Cavaleiro,Cavaleiro,3683
166325,Carlos,Ribeiro Dias,Cafú,5646
166477,Timothy,Castagne,Castagne,6157
166640,Fabián,Balbuena,Balbuena,6892
166989,Youri,Tielemans,Tielemans,5956
167074,Kenny,Tete,Tete,5973
167075,Wesley,Hoedt,Hoedt,1203
167199,Thomas,Partey,Partey,2328
167473,José,Izquierdo,Izquierdo,6231
167522,Jordan,Hugill,Hugill,6526
167541,Jack,Payne,Payne,
167767,Robert Kenedy,Nunes do Nascimento,Kenedy,689
167789,Baily,Cargill,Cargill,976
167878,Ben,Osborn,Osborn,7714
168172,Joe,Lolley,Lolley,6139
168196,Joel Dinis,Castro Pereira,Joel Pereira,5575
168281,Scott,McKenna,McKenna,10757
168287,Jonathan,Calleri,Calleri,1672
168290,Ignacio,Pussetto,Pussetto,6997
168399,Will,Norris,Norris,7459
168566,Georges-Kévin,Nkoudou,Nkoudou,1729
168580,Ayoze,Pérez,Pérez,770
168717,Maksymilian,Stryjek,Stryjek,
168763,Cameron,Carter-Vickers,Carter-Vickers,
168764,Luke,Amos,Amos,6819
168765,Josh,Onomah,Onomah,661
168977,Joel,Coleman,Coleman,6041
168991,Philip,Billing,Billing,6034
169061,Dael,Fry,Fry,
169102,Tiemoué,Bakayoko,Bakayoko,3429
169130,Joel,Taylor,Taylor,
169141,Steve,Mounie,Mounie,3800
169187,Trent,Alexander-Arnold,Alexander-Arnold,1791
169359,Matt,Targett,Targett,884
169432,Oliver,McBurnie,McBurnie,1736
169527,Joe,Williams,Joe Williams,
169528,Antonee,Robinson,Robinson,8940
169535,Julien,de Sart,de Sart,
169593,Remi,Matthews,Matthews,
169735,Noor,Husin,Husin,
169743,Connor,Mahoney,Mahoney,
170137,Allan,Saint-Maximin,Saint-Maximin,101
170154,Pablo,Maffeo,Maffeo,1003
170271,Jean Michaël,Seri,Seri,3312
170851,Josh,Robson,Josh Robson,
171099,Hassane,Kamara,Kamara,3729
171101,Clément,Lenglet,Lenglet,5050
171129,Diego,Rico,Rico,5065
171162,Charly,Musonda,Musonda,2147
171270,Kieran,Dowell,Dowell,1032
171273,Cameron,Borthwick-Jackson,Borthwick-Jackson,1037
171277,Demetri,Mitchell,Mitchell,5574
171287,Joseph,Gomez,Gomez,987
171314,Rúben,Gato Alves Dias,Dias,8961
171317,Rúben,da Silva Neves,Neves,6853
171319,Renato,Sanches,Sanches,5228
171771,Jan,Bednarek,Bednarek,6042
171975,Callum,Robinson,Callum Robinson,4476
171982,Brian,Lenihan,Lenihan,
172246,Florent,Hadergjonaj,Hadergjonaj,5215
172551,Callum,Roberts,Roberts,
172567,Josh,Cullen,Cullen,1018
172632,Demarai,Gray,Gray,762
172649,Dean,Henderson,Henderson,7702
172780,James,Maddison,Maddison,6818
172782,Josh,Brownhill,Brownhill,8323
172841,Saïd,Benrahma,Benrahma,3585
172850,Ben,Chilwell,Chilwell,782
173271,Duje,Caleta-Car,Caleta-Car,7007
173399,Mohamed,Dräger,Dräger,6476
173514,Isaac,Success Ajayi,Success,1724
173515,Kelechi,Iheanacho,Iheanacho,620
173792,Reece,Oxford,Oxford,543
173804,Layton,Ndukwu,Ndukwu,
173807,Tom,Davies,Davies,1042
173809,Jonathan,Leko,Leko,879
173810,Darnell,Johnson,Johnson,
173818,Nathan,Broadhead,Broadhead,9406
173821,Tyler,Roberts,Roberts,1014
173879,Tammy,Abraham,Abraham,702
173904,Davinson,Sánchez,Sánchez,6249
173954,Jairo,Riedewald,Riedewald,6027
174248,George,Thomas,Thomas,
174254,Pedro,Chirivella,Chirivella,1022
174590,Jacob,Maddox,Maddox,
174593,Kyle,Edwards,Edwards,8758
174594,Lukas,Nmecha,Nmecha,6544
174597,Andre,Green,Green,874
174874,Joachim,Andersen,Andersen,6314
174932,Sergi,Canós Tenés,Canós,1078
175351,Demeaco,Duhaney,Duhaney,7437
175353,Ayotomiwa,Dele-Bashiru,Dele-Bashiru,
175592,Naby,Keita,Keita,5247
175941,Alfie,Whiteman,Whiteman,
175946,Víctor,Camarasa,Camarasa,2390
176295,Matthew,Willock,Willock,
176296,Ashley,Fletcher,Fletcher,1675
176297,Marcus,Rashford,Rashford,556
176413,Christian,Pulisic,Pulisic,2662
176414,Luca,De La Torre,De La Torre,7600
176420,Darnell,Furlong,Furlong,4391
176706,Alfie,Jones,Jones,
177815,Dominic,Calvert-Lewin,Calvert-Lewin,5555
178173,Matthew,Clarke,Clarke,
178186,Jarrod,Bowen,Bowen,1776
178301,Ollie,Watkins,Watkins,8865
178304,Lys,Mousset,Mousset,1748
178867,Antonio,Martinez Lopez,Martínez,
178871,Aleix,García Serrano,García,1055
178876,Jesús,Vallejo Lázaro,Vallejo,5234
179018,Miguel,Almirón Rejala,Almirón,7420
179261,Zachary,Dearnley,Dearnley,
179268,Marc,Cucurella Saseta,Cucurella,7134
179276,Mathias,Normann,Normann,7470
179456,Oskar,Buur,Buur,8227
179519,Orel,Mangala,Mangala,6088
179587,Dennis,Srbeny,Srbeny,7822
179596,Elliott,Moore,Moore,
179620,Mamadou Obbi,Oularé,Oularé,898
179725,Carl,Stewart,Stewart,
179829,Josh,Pask,Pask,
179830,Grady,Diangana,Diangana,6651
180135,Sean,Longstaff,S.Longstaff,7078
180151,Nikola,Vlasic,Vlasic,6276
180184,Donny,van de Beek,Van de Beek,8821
180294,Karlan,Grant,Grant,7390
180736,Trevoh,Chalobah,Chalobah,6615
180804,Axel,Tuanzebe,Tuanzebe,934
180974,Joelinton Cássio,Apolinário de Lira,Joelinton,87
181008,Albian,Ajeti,Ajeti,2673
181284,Gonçalo Manuel,Ganchinho Guedes,Guedes,5682
181397,Jamie,Sterry,Sterry,779
181489,Alex,Pike,Pike,
181911,Kyle,Scott,Scott,
182156,Leroy,Sané,Sané,337
182436,Ben,Woodburn,Woodburn,5557
182539,Daniel,Ceballos Fernández,Ceballos,2446
182960,Pau,López Sabata,Pau López,2107
183015,Cedric,Kipre,Kipre,
183487,Nathan,Holland,Holland,5567
183656,Josh,Dasilva,Dasilva,10405
184029,Martin,Ødegaard,Ødegaard,2517
184193,Jordan,Smith,Smith,
184259,Richard,Nartey,Nartey,
184341,Mason,Mount,Mount,7768
184349,Ryan,Sessegnon,R.Sessegnon,6837
184386,James,Bree,Bree,
184667,Victor,Lindelöf,Lindelöf,6080
184704,Marvelous,Nakamba,Nakamba,8040
184754,Hwang,Hee-chan,Hwang,8845
185056,Mateusz,Hewelt,Hewelt,
185253,Gustavo Henrique,Furtado Scarpa,Scarpa,
185431,Ali,Gabr,Gabr,
185478,Jarosław,Jach,Jach,
189627,Dimitris,Giannoulis,Giannoulis,9745
191769,Jonathan,Benteke,Jonathan Benteke,1765
191866,Kristoffer,Ajer,Ajer,9677
192182,Kieran,O'Hara,O'Hara,
192290,Connor,Roberts,Roberts,5568
192301,Jon Gorenc,Stankovic,Stankovic,2641
192303,Christoph,Zimmermann,Zimmermann,7990
192895,Kieran,Tierney,Tierney,8089
193109,Callum,Slattery,Slattery,7335
193111,Todd,Cantwell,Cantwell,7695
193204,Joe,Ayodele-Aribo,Aribo,10766
193488,Anwar,El Ghazi,El Ghazi,5612
193645,Robin,Koch,Koch,6273
194010,Rico,Henry,Henry,9679
194126,Michael,Verrips,Verrips,
194164,Mason,Holgate,Holgate,985
194190,Harry,Souttar,Souttar,
194252,Steven,Bergwijn,Bergwijn,8300
194401,Adalberto,Peñaranda,Peñaranda,1548
194634,Diogo,Teixeira da Silva,Diogo Jota,6854
194794,Fikayo,Tomori,Tomori,703
194798,Bernard,Ashley-Seal,Ashley-Seal,
194799,Jamal,Lewis,Lewis,7691
195064,Mace,Goodridge,Goodridge,
195384,Mikel,Merino,Merino,5304
195471,Anthony,Driscoll-Glennon,Driscoll-Glennon,
195473,Rhian,Brewster,Brewster,5569
195480,Josh,Maja,Maja,5587
195546,Emiliano,Buendía Stati,Buendía,2203
195728,Alex,Kral,Kral,8017
195735,Nicolas,Pépé,Pépé,5656
195774,Gedson,Carvalho Fernandes,Fernandes,8257
195851,Scott,McTominay,McTominay,5560
195855,Beni,Baningime,Baningime,6384
195859,Marcus,Browne,Browne,
195860,Joe,Powell,Powell,
195864,Sam,Field,Field,1013
195899,Gianluca,Scamacca,Scamacca,6253
196118,Yoshinori,Muto,Muto,47
197030,Aboubakar,Kamara,Kamara,4866
197365,Eric,Bailly,Bailly,1739
197464,Nathaniel,Phillips,Phillips,8228
197469,Hamza,Choudhury,Choudhury,6418
197937,Oliver,Burke,Burke,5256
198044,Harry,Lewis,Lewis,
198501,Sead,Haksabanovic,Haksabanovic,6393
198504,Kazaiah,Sterling,Sterling,
198826,Ben,Godfrey,Godfrey,7689
198842,Connor,Ronan,Ronan,
198847,Bright,Enobakhare,Enobakhare,
198849,Lucas,Torreira di Pascua,Torreira,1227
198869,Benjamin,White,White,7298
199170,Moussa,Niakhaté,Niakhaté,5989
199249,Sergio,Reguilón,Reguilón,7187
199404,Tashan,Oakley-Boothe,Oakley-Boothe,
199583,Dujon,Sterling,Sterling,
199584,Japhet,Tanganga,Tanganga,8222
199598,Ethan,Ampadu,Ampadu,6369
199670,Odsonne,Edouard,Edouard,3697
199796,Matty,Cash,Cash,8864
199798,Ezri,Konsa Ngoyo,Konsa,7726
199806,Dion,Henry,Henry,
200088,Daniel,N'Lundulu,Nlundulu,7983
200089,Joe,Willock,Willock,6630
200370,Matt,Butcher,Butcher,
200402,Nélson,Cabral Semedo,Semedo,6163
200428,Mateusz,Lis,Lis,
200439,Che,Adams,Adams,7700
200455,Julien,Ngoy,Ngoy,1777
200600,Daniel,Castelo Podence,Podence,8291
200617,Daniel,James,James,5595
200641,Reiss,Nelson,Nelson,6492
200720,Caoimhin,Kelleher,Kelleher,7904
200785,Tyler,Adams,Adams,7352
200826,Giovani,Lo Celso,Lo Celso,5681
200878,Filip,Krovinovic,Krovinovic,8966
200884,Tyrese,Campbell,Campbell,6561
201057,Thilo,Kehrer,Kehrer,2674
201084,Timothy,Fosu-Mensah,Fosu-Mensah,549
201595,Lucas,Perri,Perri,
201658,Marcus,Tavernier,Tavernier,10741
201666,Harvey,Barnes,Barnes,6681
201667,Josh,Knight,Knight,
202174,Greg,Luer,Luer,
202993,Rodrigo,Bentancur,Bentancur,6108
203325,André-Frank,Zambo Anguissa,Anguissa,6434
203341,Wilfred,Ndidi,Ndidi,5545
203368,Frédéric,Guilbert,Guilbert,3253
203389,Nathan,Tella,Tella,8456
204043,Arthur Henrique,Ramos de Oliveira Melo,Arthur,6942
204214,Pervis,Estupiñán,Estupiñán,5136
204216,Keshi,Anderson,Anderson,
204380,Juninho,Bacuna,Bacuna,7219
204454,Isaac,Mbenza,Mbenza,5662
204480,Declan,Rice,Rice,5553
204481,Tyreke,Johnson,Johnson,7314
204580,Vitaly,Janelt,Janelt,9680
204642,Jay-Roy,Grot,Grot,
204676,Andi,Zeqiri,Zeqiri,9099
204716,Ibrahima,Konaté,Konaté,6326
204727,Malang,Sarr,Sarr,5648
204760,Michael,Folivi,Folivi,5586
204819,Elliot,Embleton,Embleton,
204820,George,Marsh,Marsh,
204822,Omar,Richards,Richards,9675
204968,Ryan,Yates,Yates,11003
205102,Ramadan,Sobhi,Sobhi,1764
205135,Samuel,Shashoua,Shashoua,
205533,Eddie,Nketiah,Nketiah,6482
205651,Gabriel,Fernando de Jesus,Jesus,5543
205836,Saman,Ghoddos,Ghoddos,7069
206325,Oleksandr,Zinchenko,Zinchenko,2958
206882,Pontus,Dahlberg,Dahlberg,
206915,Curtis,Jones,Jones,6665
207189,Sander,Berge,Berge,8285
207270,Daniel,Iversen,Iversen,
207283,Mathias,Jensen,Jensen,7166
207300,Mihai-Alexandru,Dobre,Dobre,8208
207725,Daniel,Agyei,Agyei,5563
208706,Bruno,Guimarães Rodriguez Moura,Bruno Guimarães,8327
208912,Joe,Worrall,Worrall,10756
208973,Francisco,Sierralta,Sierralta,7081
208987,Jeff,Reine-Adelaide,Reine-Adelaide,1056
208998,Zeze Steven,Sessegnon,Sessegnon,
209035,Jonathan,Panzo,Panzo,7247
209036,Marc,Guéhi,Guéhi,7603
209037,Zech,Medley,Medley,
209040,Timothy,Eyoma,Eyoma,
209041,Angel,Gomes,Gomes,5598
209042,Oliver,Skipp,Skipp,7198
209043,Nya,Kirby,Kirby,
209045,Taylor,Richards,Richards,9735
209046,Callum,Hudson-Odoi,Hudson-Odoi,6456
209212,Thomas,Edwards,Edwards,5593
209243,Jadon,Sancho,Sancho,6345
209244,Phil,Foden,Foden,6055
209288,Thomas,McGill,McGill,
209289,Emile,Smith Rowe,Smith Rowe,7230
209353,Patrick,Cutrone,Cutrone,4918
209362,Bernardo,Fernandes Da Silva Junior,Bernardo,5245
209411,Joe,Tupper,Tupper,
209413,Jordi,Osei-Tutu,Osei-Tutu,6723
209418,Tobi,Omole,Omole,
209419,Max,Melbourne,Melbourne,
209420,Joy,Mukena,Mukena,
209925,Xande,Nascimento da Costa Silva,Xande Silva,7312
210156,Taiwo,Awoniyi,Awoniyi,7814
210207,Fousseni,Diabaté,Diabaté,5767
210237,Marko,Grujic,Grujic,1669
210407,Matheus,Pereira,Pereira,7153
210494,Nayef,Aguerd,Aguerd,6935
211975,Manuel,Akanji,Akanji,6490
212319,Richarlison,de Andrade,Richarlison,6026
212325,Pierre,Lees-Melou,Lees-Melou,5619
212701,Denis,Zakaria,Zakaria,6147
212721,Lyanco,Silveira Neves Vojnovic,Lyanco,6252
212723,Milot,Rashica,Rashica,6523
213056,Tudor,Baluta,Baluta,
213280,Jake,Eastwood,Eastwood,
213345,Wesley,Moraes,Wesley,7724
213384,Josh,Clackstone,Clackstone,
213405,Filip,Benkovic,Benkovic,8238
213482,Yan,Valery,Valery,7280
213687,Charlie,Goode,Goode,9687
214048,Max,Kilman,Kilman,7332
214225,Joe,Rodon,Rodon,6377
214285,Konstantinos,Tsimikas,Tsimikas,8852
214466,Will,Smallbone,Smallbone,8224
214470,Jake,Vokins,Vokins,8493
214572,Brandon,Austin,Austin,
214590,Aaron,Wan-Bissaka,Wan-Bissaka,5584
214987,Kamil,Miazek,Miazek,
215059,Robert,Sánchez,Sánchez,9098
215062,Max,Sanders,Sanders,
215066,Alex,Cochrane,Cochrane,
215136,Neco,Williams,N.Williams,8204
215379,Elliot,Anderson,Anderson,9154
215407,Alfie,Lewis,Lewis,
215409,Cameron,John,John,
215413,Kiernan,Dewsbury-Hall,Dewsbury-Hall,9739
215439,Tomas,Soucek,Soucek,8288
215457,Kane,Wilson,Wilson,
215460,Ian Carlo,Poveda-Ocampo,Poveda,8723
215476,Joshua,Sargent,Sargent,7295
215610,Marcel,Lavinier,Lavinier,
215711,Leon,Bailey,Bailey,5221
215885,Michael,Phillips,Phillips,
216051,Diogo,Dalot Teixeira,Dalot,7281
216054,Rúben Gonçalo,Silva Nascimento Vinagre,Vinagre,6856
216058,Domingos,Quina,Quina,5573
216183,Brahim,Diaz,Diaz,6421
216208,Matija,Šarkić,Šarkić,
216554,Sam,Hughes,Hughes,
216616,Dara,O'Shea,O'Shea,8756
216620,Marcus,Forss,Forss,9684
216646,Yoane,Wissa,Wissa,5786
217331,Sam,Surridge,Surridge,5602
217401,Josh,Benson,Benson,7383
217487,Mbwana Ally,Samatta,Samatta,8287
217593,Pablo,Fornals Malla,Fornals,2335
217989,Rafael,Camacho,Camacho,6666
218023,Jimmy,Dunne,Dunne,8481
218031,Çaglar,Söyüncü,Söyüncü,5264
218112,Jason,Lokilo,Lokilo,
218218,Wout,Faes,Faes,8646
218997,Ellis,Simms,Simms,8582
219002,Dodi,Lukebakio,Lukebakio,5706
219168,Alexander,Isak,Isak,5232
219265,Felix,Nmecha,Nmecha,9202
219291,Claudio,Gomes,Gomes,
219352,Ademola,Lookman,Lookman,5556
219727,Joel,Asoro,Asoro,1754
219847,Kai,Havertz,Havertz,5220
219924,Issa,Diop,Diop,3203
219929,Rafa,Mir,Mir,2589
219937,Rhys,Williams,R.Williams,9086
219961,Raphael,Dias Belloli,Raphinha,8026
220037,Bailey,Peacock-Farrell,Peacock-Farrell,8482
220166,Marc,Navarro,Navarro,5085
220237,Sven,Botman,Botman,8635
220307,Arnaut,Danjuma Groeneveld,Danjuma,8066
220394,Tommy,Doyle,Doyle,8496
220566,Rodrigo,Hernandez,Rodri,2496
220585,Flynn,Downes,Downes,10845
220598,Michael,Obafemi,Obafemi,6504
220627,James,Justin,Justin,7753
220650,Thibaud,Verlinden,Verlinden,
220682,Arthur,Okonkwo,Okonkwo,
220684,Ajibola,Alese,Alese,
220686,Bali,Mumba,Mumba,9747
220688,Mason,Greenwood,Greenwood,7490
220693,Rayhaan,Tulloch,Tulloch,
220695,Paris,Maghoma,Maghoma,
220738,Jayson,Molumby,Molumby,6350
221239,Keinan,Davis,Davis,1053
221245,Levi,Lumeka,Lumeka,6283
221267,Josh,Tymon,Tymon,1745
221268,Ben,Hinchcliffe,Hinchcliffe,
221271,Ben,Wynter,Wynter,
221272,Sam,Woods,Woods,
221275,Luke,Dreher,Dreher,636
221286,Charlie,Rowan,Rowan,
221399,Jack,Harrison,Harrison,8720
221403,Richie,Laryea,Laryea,
221466,Marcos,Senesi,Senesi,10864
221568,Daniel,Kemp,Kemp,
221610,Jamie,Shackleton,Shackleton,8721
221632,Cristian,Romero,Romero,7218
221820,Lisandro,Martínez,Martínez,10802
222017,Conor,Coventry,Coventry,7239
222018,Ben,Johnson,Johnson,6424
222434,Jack,Simpson,Simpson,6410
222531,Morgan,Gibbs-White,Gibbs-White,6857
222564,Francisco,Machado Mota de Castro Trincão,Trincão,8934
222625,George,Hirst,Hirst,8563
222627,João,Virgínia,Virgínia,8366
222677,Tahith,Chong,Chong,7439
222690,Tyrell,Malacia,Malacia,10803
222694,Pascal,Struijk,Struijk,8717
222786,Panagiotis,Retsos,Retsos,6316
223081,Kristoffer,Klaesson,Klaesson,9700
223094,Erling,Håland,Haaland,8260
223175,Matthew,Longstaff,M.Longstaff,8016
223332,Faustino,Anjorin,Anjorin,8383
223335,Sylvester,Jasper,Jasper,
223337,Jamie,Bowden,Bowden,
223340,Bukayo,Saka,Saka,7322
223349,Indiana,Vassilev,Vassilev,8254
223723,Takehiro,Tomiyasu,Tomiyasu,7931
223824,Reece,Hannam,Hannam,
223911,Chris,Mepham,Mepham,7384
224024,Lucas,Tolentino Coelho de Lima,Paquetá,7365
224068,Matt,Turner,Turner,
224117,Viktor,Gyokeres,Gyokeres,
224209,Rasmus,Kristensen,Kristensen,10750
224444,Ferran,Torres,Torres,6441
224946,Matthew,Worthington,Worthington,5601
224967,Vitalii,Mykolenko,Mykolenko,10291
224995,Luis,Sinisterra Lucumí,Sinisterra,10866
225000,Dion,Sanderson,Sanderson,
225321,Aaron,Ramsdale,Ramsdale,5603
225368,Meritan,Shabani,Shabani,6642
225702,Samuel,Kalu,Kalu,6947
225796,Reece,James,James,8067
225902,Boubakary,Soumaré,Soumaré,6310
226029,Lasse,Sorenson,Sorenson,6657
226182,Jayden,Bogle,Bogle,9205
226597,Gabriel,dos Santos Magalhães,Gabriel,5613
226944,Boubacar,Kamara,Kamara,5789
226956,Mads,Roerslev Rasmussen,Roerslev,9685
227127,Yves,Bissouma,Bissouma,5609
227560,Oghenekaro Peter,Etebo,Etebo,6538
228044,Mads,Bech Sørensen,Bech,9683
228286,Edouard,Mendy,Mendy,6880
228798,Cengiz,Ünder,Ünder,6162
229415,Jon,McCracken,McCracken,
229600,Mark,Travers,Travers,7582
230046,Douglas Luiz,Soares de Paulo,Douglas Luiz,6122
230127,Percy,Tau,Tau,9249
230251,Emmanuel,Dennis,Dennis,9301
230428,Philippe,Sandler,Sandler,7440
231065,Ethan,Pinnock,Pinnock,9678
231172,Brandon,Mason,Mason,5558
231372,Tanguy,Ndombele,Ndombele,5962
231747,Jean-Philippe,Mateta,Mateta,5735
232185,Ismaila,Sarr,Sarr,5675
232223,Folarin,Balogun,Balogun,9690
232229,Vontae,Daley-Campbell,Daley-Campbell,
232233,Tyreece,John-Jules,John-Jules,
232241,Matthew,Smith,Smith,
232245,Zak,Swanson,Swanson,
232247,Dominic,Thompson,Thompson,9915
232351,Ryan,Giles,Giles,
232361,Taylor,Perry,Perry,
232391,Jeremy,Ngakia,Ngakia,8235
232398,Nathan,Trott,Trott,
232413,Eberechi,Eze,Eze,8706
232423,Nathan,Ferguson,Ferguson,6451
232427,Rekeem,Harper,Harper,5562
232456,Dilan,Markanday,Markanday,
232620,Lewis,Brunt,Brunt,10168
232653,Jacob,Ramsey,Ramsey,8941
232667,Akin,Famewo,Famewo,8080
232787,Conor,Gallagher,Gallagher,9040
232792,Tariq,Lamptey,Lamptey,8226
232797,Kayne,Ramsay,Ramsay,7326
232826,Anthony,Gordon,Gordon,8150
232829,Kyle,John,John,
232859,Djed,Spence,Spence,10764
232881,Thakgalo,Leshabela,Leshabela,9311
232917,Arijanet,Muric,Muric,
232928,James,Garner,Garner,7438
232937,Brandon,Williams,B.Williams,8075
232957,Thomas,Allan,Allan,
232960,Lewis,Cass,Cass,
232964,Lewis,Gibson,Gibson,
232977,Kelland,Watts,Watts,7602
232979,Jack,Young,Young,
232980,Max,Aarons,Aarons,7688
233420,Renan Augusto,Lodi dos Santos,Renan Lodi,7891
233425,Aaron,Connolly,Connolly,7991
233489,Leighton,Clarkson,Clarkson,
233497,Adama,Diakhaby,Diakhaby,5740
233849,Archie,Mair,Mair,
233963,Konstantinos,Mavropanos,Mavropanos,6722
234370,Marc,Roca Junqué,Roca,5086
234483,Aiden,O'Neill,O'Neill,1662
234720,Giovanni,McGregor,McGregor,
234908,Juan,Foyth,Foyth,6306
235382,Steven,Alzate,Alzate,8020
235448,Ellery,Balcombe,Balcombe,
235530,Lloyd,Kelly,Kelly,8090
235546,Jacob,Sørensen,Sørensen,9748
235599,Nikola,Tavares,Tavares,
235640,Harry,Boyes,Boyes,
235674,Manor,Solomon,Solomon,10716
240143,Ibrahima,Diallo,Diallo,6736
240299,Joseph,Hodge,Hodge,
240499,Daniel,Batty,Batty,
240514,Kjell,Scherpen,Scherpen,
240796,Álvaro,Fernández,Fernández,5191
241157,Emerson,Leite de Souza Junior,Emerson Royal,7430
241289,Ben,Wilmot,Wilmot,7216
241791,Ryan,Schofield,Schofield,
242058,Moise,Kean,Kean,1304
242166,Mattéo,Guendouzi,Guendouzi,5759
242183,James,Morris,Morris,990
242510,Louie,Moulden,Moulden,
242885,Loïc,Mbe Soh,Mbe Soh,7577
242898,Brennan,Johnson,Johnson,10760
243016,Alexis,Mac Allister,Mac Allister,8379
243298,Cody,Gakpo,Gakpo,
243343,Jake,Cain,Cain,
243345,Lewis,O'Brien,O'Brien,10759
243505,Jakub,Moder,Moder,9284
243531,Andrew,Eleftheriou,Eleftheriou,5548
243532,Dion,Pereira,Pereira,5559
243568,Billy,Gilmour,Gilmour,7988
243569,Adedapo,Awokoya-Mebude,Mebude,
243571,Nathan,Patterson,Patterson,10292
243710,Bernardo,Costa Da Rosa,Rosa,
244042,Rodrigo,Muniz Carvalho,Muniz,
244085,Siriki,Dembélé,Dembélé,
244560,Romain,Perraud,Perraud,6500
244619,Luke,Thomas,Thomas,8562
244716,Juan Camilo,Hernández Suárez,Cucho,6954
244723,Tyrick,Mitchell,Mitchell,8214
244731,Luis,Díaz,Luis Díaz,10408
244848,Teddy,Jenks,Jenks,
244851,Cole,Palmer,Palmer,8497
244856,Teden,Mengi,Mengi,
244858,Fábio,Freitas Gouveia Carvalho,Carvalho,9501
244890,Joseph,Hungbo,Hungbo,
244930,Alex,Mighten,Mighten,10761
244932,Ben,Knight,Knight,
245419,Patson,Daka,Daka,9738
245719,Taylor,Harwood-Bellis,Harwood-Bellis,
245824,Carlos Vinícius,Alves Morais,Vinícius,7395
245923,Luke,Cundle,Cundle,8179
246799,Jackson,Smith,Smith,
246878,Abdelhamid,Sabiri,Sabiri,6296
247286,Kyle,Jameson,Jameson,
247632,Pedro,Lomba Neto,Neto,6382
247664,Terry,Ablade,Ablade,
248164,Viljami,Sinisalo,Sinisalo,
248853,Dynel,Simeu,Simeu,
248865,Armstrong,Oko-Flex,Oko-Flex,
248937,Sam,Greenwood,Greenwood,9493
249231,Keane,Lewis-Potter,Lewis-Potter,10809
250370,Nathan,Bishop,Bishop,
250604,Owen,Otasowie,Otasowie,8180
420922,Jan,Zamburek,Zamburek,
421796,Sidnei,Tavares,Tavares,9395
422287,Kofi,Balmer,Balmer,
422306,Will,Ferry,Ferry,
422612,Ryan,Astley,Astley,
423649,Enock,Mwepu,Mwepu,9734
427623,Chris,Richards,Richards,8430
427637,Brenden,Aaronson,Aaronson,10751
428580,Frank,Onyeka,Onyeka,9681
428610,Bruno André,Cavaco Jordão,Jordão,6336
428626,Przemyslaw,Placheta,Placheta,10097
429414,Sasa,Kalajdzic,Kalajdžić,8812
430367,Joel,Mumbongo,Mumbongo,8566
430871,Matheus,Santos Carneiro Da Cunha,Cunha,7080
430992,Owen,Beck,Beck,
431019,Karlo,Ziger,Ziger,
431131,Moussa,Djenepo,Djenepo,7701
431774,Kyle,Taylor,Taylor,
431924,Daniel,Adshead,Adshead,
432160,Shandon,Baptiste,Baptiste,9914
432656,Eric,Garcia,Garcia,8045
432705,James,Daly,Daly,
432711,Conrad,Egan-Riley,Egan-Riley,10174
432714,James,McAtee,McAtee,10126
432720,James,Trafford,Trafford,
432735,Adam,Idah,Idah,8021
432793,Abd-Al-Ali Morakinyo Olaposi,Koiki,Koiki,
432830,Nathan,Collins,Collins,9733
432927,Daniel,Langley,Langley,
432931,Tyrese,Francois,Francois,9552
433019,Liam,Hughes,Hughes,
433138,Marc,Leonard,Leonard,
433154,Dwight,McNeil,McNeil,6756
433589,Haydon,Roberts,Roberts,
433590,Cody,Drameh,Drameh,9499
433979,Cameron,Archer,Archer,9912
434024,Patrik,Gunnarsson,Gunnarsson,
434044,Cieran,Slicker,Slicker,
434138,Jordan,Stevens,Stevens,
434662,Halil,Dervişoğlu,Dervişoğlu,9686
436234,Bryan,Gil Salvatierra,Bryan,7338
437468,Sergio,Gómez,Sergio Gómez,6656
437476,Braian,Ojeda Rodríguez,Ojeda,
437495,Illan,Meslier,Meslier,8715
437626,Nuno,Varela Tavares,Tavares,9691
437688,Lewis,Richards,Richards,9082
437742,Albert,Sambi Lokonga,Sambi,9689
437753,Giulian,Biancone,Biancone,7282
437858,Vitor,Ferreira,Vitinha,8777
438098,Fábio,Ferreira Vieira,Fábio Vieira,
438277,Ozan,Kabak,Kabak,7376
438464,Cheick,Doucouré,C.Doucouré,8666
439242,Taylor,Gardner-Hickman,Gardner-Hickman,
439482,Miguel,Azeez,Azeez,
439485,Josh,Martin,Martin,8455
439509,Christos,Tzolis,Tzolis,9746
439510,Luke,Mbete-Tabu,Mbete,
440089,Mikkel,Damsgaard,Damsgaard,8859
440113,Aaron,Rowe,Rowe,7487
440120,Daniel,Chesters,Chesters,10424
440123,James,Furlong,Furlong,
440148,Tyler,Morton,Morton,10091
440241,Jensen,Weir,Weir,
440323,Armando,Broja,Broja,8384
440993,Iliman,Ndiaye,Ndiaye,9307
441024,Harrison,Ashby,Ashby,10061
441191,Tino,Livramento,Livramento,9512
441192,Jeremy,Sarmiento Morante,Sarmiento,10036
441271,Ki-Jana,Hoever,Hoever,8351
441428,Jarell,Quansah,Quansah,
442229,Michal,Karbownik,Karbownik,
442335,Edo,Kayembe,Kayembe,10290
443296,Theo,Corbeanu,Corbeanu,9209
443629,Marcelo,de Araújo Pitaluga Filho,Pitaluga,
443661,Michael,Olise,Olise,9948
443967,Junior,Firpo Adames,Firpo,6485
444145,Gabriel,Martinelli Silva,Martinelli,7752
444172,Will,Dennis,Dennis,
444180,Jaidon,Anthony,Anthony,10746
444181,Nnamdi,Ofoborh,Ofoborh,
444183,Gavin,Kilkenny,Kilkenny,
444253,Jordan,Thomas,Thomas,8518
444463,Wesley,Fofana,Fofana,7589
444575,Toby,King,King,
444765,Sepp,van den Berg,Van den Berg,
444880,Mika,Biereth,Biereth,
444884,Harvey,Elliott,Elliott,7546
445044,Dejan,Kulusevski,Kulusevski,6691
445548,Odeluga,Offiah,Offiah,
445550,Thomas,Dickson-Peters,Dickson-Peters,
445896,Kgaogelo,Chauke,Chauke,
446008,Bryan,Mbeumo,Mbeumo,6552
446189,Matej,Kovár,Kovár,
446281,Tony,Springett,Springett,10525
447093,Allan,Tchaptchet,Tchaptchet,9257
447203,Darwin,Núñez Ribeiro,Darwin,10720
447235,Troy,Parrott,Parrott,8145
447325,Harry,Tyrer,Tyrer,
447372,Ryan,Finnigan,Finnigan,
447373,Shane,Flynn,Flynn,
447715,Aaron,Ramsey,Ramsey,
447879,Joseph,Anang,Anang,
447880,Josh,Wilson-Esbrand,Wilson-Esbrand,
447932,Jordan,Zemura,Zemura,10740
448482,Robert,Street,Street,
448487,Andreas,Söndergaard,Söndergaard,
448496,Ed,Turns,Turns,
448514,Rayan,Aït-Nouri,Aït-Nouri,6674
448791,Harvey,White,White,
449133,Harvey,Griffiths,Griffiths,
449434,Anthony,Elanga,Elanga,9524
449444,Mazeed,Ogungbo,Ogungbo,
449781,Alexandre,Jankewitz,Jankewitz,8511
449871,Amadou,Onana,Onana,9667
449926,Adrián,Bernabé,Bernabé,
449974,Lukas,Jensen,Jensen,
449988,Fabio,Silva,Fabio Silva,8778
450070,Crysencio,Summerville,Summerville,9492
450314,Matthew,Daly,Daly,7458
450434,Deniz,Undav,Undav,10804
450527,Mohammed,Salisu,Salisu,6923
450529,Lewis,Bate,Bate,8544
450535,Malcolm,Ebiowei,Ebiowei,10698
450539,Myles,Peart-Harris,Peart-Harris,
450541,Luke,Plange,Plange,
450542,Jesurun,Rak-Sakyi,Rak-Sakyi,9461
450544,Charlie,Patino,Patino,
450550,Finley,Stevens,Stevens,9916
450553,Alex,Kirk,Kirk,
451310,Jonathan,Tomkinson,Tomkinson,
451340,Kaoru,Mitoma,Mitoma,10806
455084,Leif,Davis,Davis,8919
456350,Gavin,Bazunu,Bazunu,10765
456966,Caleb,Watts,Watts,9256
458297,Pierre,Ekwah,Ekwah,
459373,Gonçalo Bento,Soares Cardoso,Cardoso,
460028,Levi,Colwill,Colwill,10805
460029,Nathan,Young-Coombes,Young-Coombes,10150
461012,Cameron,Plain,Plain,
461017,Christian,Saydee,Saydee,
461023,Ryan,Alebiosu,Alebiosu,
461025,Nathan,Butler-Oyedeji,Butler-Oyedeji,
461026,Chem,Campbell,Campbell,9741
461080,Joseph,McGlynn,McGlynn,
461096,Lewis,Richardson,Richardson,9082
461102,Bobby,Thomas,Thomas,
461188,Bashir,Humphreys,Humphreys,
461195,Dennis,Cirkin,Cirkin,
461201,Matthew,Craig,Craig,
461212,Nile,John,John,
461358,Julián,Álvarez,Álvarez,10846
461382,John-Kymani,Gordon,Gordon,
461416,Thomas,Cannon,Cannon,11232
461421,Lewis,Dobbin,Dobbin,10027
461446,Tyler,Onyango,Onyango,9287
461450,Max,Thompson,Thompson,8480
461453,Lewis,Warrington,Warrington,
461484,Joe,White,White,
461508,Lucas,De Bolle,De Bolle,
461529,Charlie,Savage,Savage,
461533,Ademipo,Odubeko,Odubeko,
461548,Zidane,Iqbal,Iqbal,
461558,Maxwell,Haygarth,Haygarth,
461566,William,Fish,Fish,9557
461567,Owen,Dodgson,Dodgson,
461585,Tawanda,Maswanhise,Maswanhise,
461587,Kasey,McAteer,McAteer,10166
462381,Filip,Marschall,Marschall,
462384,Jamal,Baptiste,Baptiste,
462424,William,Saliba,Saliba,6888
462491,Luke,Chambers,Chambers,
462635,Joe,Gelhardt,Gelhardt,9339
462831,Scott,Banks,Banks,
463034,Liam,Delap,Delap,8868
463748,Karl,Hein,Hein,
463912,Elia,Caprile,Caprile,
463981,James,Hill,Hill,
464353,Harvey,Davies,H.Davies,
464618,Liam,McCarron,McCarron,9933
465299,Anthony,Mancini,Mancini,
465351,Matheus Luiz,Nunes,Matheus,11000
465390,Kaine,Hayden,Hayden,
465527,Hannibal,Mejbri,Mejbri,9558
465551,Nigel,Lonwijk,Lonwijk,
465572,Reda,Khadra,Khadra,9250
466404,Andrew,Omobamidele,Omobamidele,9833
466955,Brandon,Pierrick,Pierrick,8216
467114,Oliver,Casey,Casey,
467169,Antony Matheus,dos Santos,Antony,
467311,Matthew,Pollock,Pollock,
468243,Kamil,Conteh,Conteh,
469142,Jan Paul,van Hecke,Van Hecke,10807
469249,Nohan,Kenneh,Kenneh,
470255,Caleb,Taylor,Taylor,
470294,Darko,Gyabi,Gyabi,
471471,Imrân,Louza,Louza,7278
471848,Femi,Seriki,Seriki,9540
472464,Shola,Shoretire,Shoretire,9359
472713,Aaron,Hickey,Hickey,8942
473342,Stuart,McKinstry,McKinstry,10001
474003,Leonardo,Campana,Campana,
474120,Julio,Enciso,Enciso,
474907,Reece,Welch,Welch,
475168,João Pedro,Junqueira de Jesus,João Pedro,8272
475492,Oliver,Hammond,Hammond,
476161,Lewis,Payne,Payne,
476502,Boubacar,Traoré,Traoré,8119
476888,Sékou,Mara,Mara,8970
477064,Rico,Lewis,Lewis,10847
477386,Armel,Bella-Kotchap,Bella-Kotchap,9710
477547,Leo Fuhr,Hjelde,Hjelde,10028
478028,Kayky da Silva,Chagas,Kayky,10203
478227,Stefan,Parkes,Parkes,
478449,Kyron,Gordon,Gordon,
478912,Carney,Chukwuemeka,Chukwuemeka,9356
479683,Marcus,Oliveira Alencar,Marquinhos,
480216,Mateusz,Bogusz,Bogusz,
480455,Jarrad,Branthwaite,Branthwaite,8476
480818,Billy,Koumetio,Koumetio,
481371,Zak,Brunt,Brunt,
481405,Mads,Bidstrup,Bidstrup,9682
481624,Jaden,Philogene-Bidace,Philogene-Bidace,9415
481626,Christian,Marques,Marques,
482442,Pape Matar,Sarr,Sarr,9021
483365,Jonathan,Rowe,Rowe,10172
484658,Kacper,Kozłowski,Kozłowski,
486672,Moisés,Caicedo Corozo,Caicedo,9453
486870,Frederik,Alves,Alves,
487117,Evan,Ferguson,Ferguson,10177
487818,Joseph,Whitworth,Whitworth,
487835,Benjamin,Chrisene,Chrisene,
487836,Antwoine,Hackford,Hackford,9222
487837,Divin,Mubama,Mubama,11242
487838,Lewis,Hall,Hall,
488404,Facundo,Pellistri Rebollo,Pellistri,9324
489580,Calvin,Ramsay,Ramsay,
490094,Tim,Iroegbunam,Iroegbunam,9554
490098,Kaine,Hayden,Hayden,
490138,Jakub,Ojrzynski,Ojrzynski,
490145,Dane,Scarlett,Scarlett,9332
490146,Jay,Stansfield,Stansfield,10718
490161,Abu,Kamara,Kamara,
490503,Samuel,Edozie,Edozie,
490721,Hugo,Bueno,Bueno,
490887,Zach,Awe,Awe,
491551,Thierry,Small,Small,
491556,Charlie,Whitaker,Whitaker,
491559,Isaac,Price,Price,9470
491785,Harvey,Vale,Vale,
491970,Bobby,Clark,Clark,10997
492066,Niall,Huggins,Huggins,9219
492373,Charlie,Cresswell,Cresswell,9220
492374,Jack,Jenkins,Jenkins,
492776,Dexter,Lembikisa,Lembikisa,11233
492777,Conor,Bradley,Bradley,
492859,Wilfried,Gnonto,Gnonto,
493105,Alejandro,Garnacho Ferreyra,Garnacho,10552
493250,Amad,Diallo,Diallo,8127
493736,Jimmy,Morgan,Morgan,
493928,Marcelo,Flores,Flores,
493934,Kwadwo,Baah,Baah,
495542,Niels,Nkounkou,Nkounkou,8109
496179,Alfie,Devine,Devine,
496185,Kaide,Gordon,Gordon,10118
496208,Ben,Doak,Doak,11231
496228,Sonny,Perkins,Perkins,10141
496661,Tyler,Dibling,Dibling,
497605,Liam,Gibbs,Gibbs,
498046,Salah-Eddine,Oulad M'hand,Oulad M'hand,
499175,Ethan,Nwaneri,Nwaneri,11132
500267,Loïc,Badé,Badé,8665
501468,Tayo,Adaramola,Adaramola,
501770,Ben,Nelson,Nelson,
501837,Yerson,Mosquera Valdelamar,Mosquera,
503300,Matthew,Cox,Cox,
503301,Omari,Hutchinson,Hutchinson,
505265,Cheikh,Diaby,Diaby,
510328,Stanley,Mills,Mills,
510362,Toti António,Gomes,Toti,10293
510363,Francisco Jorge,Tomás Oliveira,Chiquinho,10327
511504,Kristian,Sekularac,Sekularac,
513789,Thanawat,Suengchitthawon,Suengchitthawon,
513834,Andrew,Moran,Moran,11193
513852,Kris,Moore,Moore,
514229,Sam,Waller,Waller,
514284,Joe,Wormleighton,Wormleighton,
514315,Lino,Sousa,Sousa,
514356,Roméo,Lavia,Lavia,10004
515024,Luke,Harris,Harris,
515496,Owen,Goodman,Goodman,
515500,Rhys,Bennett,Bennett,
515501,Álvaro,Fernández,Álvaro Fernández,5191
515503,Jack,Wells-Morrison,Wells-Morrison,
515571,Juan,Larios López,Larios,
515597,Lamare,Bogarde,Bogarde,
515599,Tommi,O'Reilly,O'Reilly,
516895,Kobbie,Mainoo,Mainoo,
518504,James,Storer,Storer,
518906,Owen,Bevan,Bevan,11034
519223,Sammy,Braybrooke,Braybrooke,
519324,Amario,Cozier-Duberry,Cozier-Duberry,
520295,David Datro,Fofana,D.Fofana,
523700,Daniel,Jebbison,Jebbison,9509
524069,Dale,Taylor,Dale Taylor,
524196,Shaqai,Forde,Forde,
530318,Kaden,Rodney,Rodney,
530873,Dara,Costelloe,Costelloe,
531076,Frankie,Maguire,Maguire,
531363,Nathan,Fraser,Fraser,
531989,David,Ozoh,Ozoh,
532135,Killian,Phillips,Phillips,
532529,Jack,Hinshelwood,Hinshelwood,
533719,Adrian,Blake,Blake,
535339,Tiago,Çukur,Çukur,
535928,Stefan,Bajcetic,Bajcetic,10723
536110,Josh,Feeney,Feeney,
536916,Facundo,Buonanotte,Buonanotte,
537043,Kaine,Kesler Hayden,Kesler Hayden,
537403,Kadan,Young,Kadan Young,
538207,William,Osula,Osula,
547701,Archie,Gray,Gray,
563883,Vincent,Angelini,Angelini,
564510,Garang,Kuol,Kuol,
565297,Mateo Joseph,Fernández,Mateo Joseph,11208
573062,Martial,Godo,Godo,
573808,Jack,Grieves,Grieves,
591357,Ryan,Trevitt,Trevitt,
592661,Tristan,Crama,Crama,
601975,Yegor,Yarmolyuk,Yarmolyuk,
