code,first_name,second_name,web_name,whoscored
1243,Robert,Green,Green,7890
1616,Alexander,Manninger,Manninger,2856
1632,Gareth,Barry,Barry,188
1718,John,Terry,Terry,70
1801,Paul,Robinson,Robinson,3874
1822,Shay,Given,Given,1034
2404,Michael,Carrick,Carrick,2115
2513,Jamie,Murphy,Murphy,25829
3201,Stuart,Taylor,Taylor,2809
3736,John,O'Shea,O'Shea,3841
3773,Peter,Crouch,Crouch,3807
5288,Gerhard,Tremmel,Tremmel,5487
5589,Dean,Whitehead,Whitehead,8176
6744,Lee,Grant,Grant,8195
7525,Steven,Pienaar,Pienaar,3553
7551,Joleon,Lescott,Lescott,8137
7645,Phil,Jagielka,Jagielka,6105
7906,Damien,Delaney,Delaney,8466
7958,Jermain,Defoe,Defoe,2837
8380,James,Collins,Collins,8148
8432,José,Reina,Reina,2987
9047,Glen,Johnson,Johnson,4574
9089,Ben,Foster,Foster,11530
9110,Shaun,Maloney,Maloney,4616
9808,Zlatan,Ibrahimovic,Ibrahimovic,3281
10318,Maarten,Stekelenburg,Stekelenburg,4065
10460,Grant,Leadbitter,Leadbitter,12417
10589,Brian,Murphy,Brian Murphy,9191
11037,Rickie,Lambert,Lambert,8409
11334,Petr,Cech,Cech,6775
11352,Bruno,Saltor Grau,Bruno,23957
11467,Billy,Jones,Jones,8236
11554,Julian,Speroni,Speroni,7895
11735,Steve,Sidwell,Sidwell,5554
11829,Wayne,Routledge,Routledge,4759
11948,Andy,Lonergan,Lonergan,8105
11974,Eldin,Jakupovic,Jakupović,18310
12002,Stewart,Downing,Downing,5641
12086,Boaz,Myhill,Myhill,8462
12150,Glenn,Whelan,Whelan,8505
12413,Robert,Huth,Huth,4145
12496,Víctor,Valdés,Valdés,9484
12679,Michael,Dawson,Dawson,4905
12744,David,Nugent,Nugent,7616
12745,Leighton,Baines,Baines,8222
12813,Jonathan,Walters,Walters,3860
13017,Wayne,Rooney,Rooney,3859
13152,Andy,King,King,32018
14075,Patrice,Evra,Evra,6410
14295,Darren,Fletcher,Fletcher,5835
14664,Gnegneri Yaya,Touré,Yaya Touré,14053
14937,Cristiano Ronaldo,dos Santos Aveiro,Ronaldo,5583
15033,Wes,Morgan,Morgan,8157
15109,Tom,Huddlestone,Huddlestone,8194
15114,Leon,Britton,Britton,8730
15137,Liam,Rosenior,Rosenior,11869
15144,David,Marshall,Marshall,9002
15149,Simon,Francis,Francis,9298
15157,James,Milner,Milner,4511
15208,Bastian,Schweinsteiger,Schweinsteiger,4567
15237,Andrew,Surman,Surman,13447
15276,Joey,Barton,Barton,4835
15633,Alex,Baptiste,Baptiste,8806
15749,Joe,Hart,Hart,8786
15885,Adam,Federici,Federici,13797
15944,Michael,Kightly,Kightly,9794
15982,Dean,Marney,Marney,5566
16045,Ben,Watson,Watson,10254
17127,Per,Mertesacker,Mertesacker,6292
17336,Gaël,Clichy,Clichy,6042
17339,Steven,Davis,Davis,9734
17349,Aaron,Lennon,Lennon,5625
17476,Vincent,Kompany,Kompany,10136
17601,Scott,Carson,Carson,8155
17740,Jesús,Navas,Navas,9446
17745,Kasper,Schmeichel,Schmeichel,19545
17761,James,Tarkowski,Tarkowski,131464
17878,Cesc,Fàbregas,Fàbregas,8040
17997,Phil,Bardsley,Bardsley,18181
18006,Martin,Cranie,Cranie,19114
18008,James,Morrison,Morrison,10498
18073,Mark,Noble,Noble,8247
18155,Mathieu,Flamini,Flamini,6321
18440,Leon,Clarke,Clarke,7807
18499,Michael,McGovern,McGovern,20113
18507,Diego,Da Silva Costa,Diego Costa,14013
18656,Heurelho da Silva,Gomes,Gomes,10133
18665,Alexander,Tettey,Tettey,9342
18726,Artur,Boruc,Boruc,14111
18759,Álvaro,Arbeloa,Arbeloa,11104
18805,Joe,Ledley,Ledley,11020
18832,Richard,Stearman,Stearman,11502
18867,Billy,Sharp,Sharp,13399
18892,Ashley,Young,Young,8166
18987,Robert,Snodgrass,Snodgrass,9767
19057,Sebastian,Larsson,Larsson,11235
19071,Uwe,Hünemeier,Hünemeier,14179
19101,Dimitrios,Konstantopoulos,Konstantopoulos,8572
19115,Curtis,Davies,Davies,8484
19151,Chris,Brunt,Brunt,8507
19159,Ashley,Williams,Williams,8408
19188,Scott,Dann,Dann,12124
19194,David,Martin,Martin,131509
19197,Jason,Puncheon,Puncheon,9156
19236,John,Ruddy,Ruddy,8643
19272,Gareth,McAuley,McAuley,8773
19342,Ikechi,Anya,Anya,9795
19419,Gary,Cahill,Cahill,11981
19520,Ryan,Babel,Babel,12158
19523,Sol,Bamba,Bamba,21370
19524,Santiago,Cazorla,Cazorla,4522
19556,David,Jones,Jones,12713
19568,Ibrahim,Afellay,Afellay,12480
19624,João Filipe Iria,Santos Moutinho,Moutinho,16161
19760,Fernando,Llorente,Llorente,13361
19812,Dusan,Kuciak,Kuciak,31101
19838,Robert,Elliot,Elliot,13450
20037,Marc,Pugh,Pugh,14000
20046,Stefano,Okaka,Okaka,14255
20047,Jordan,Rhodes,Rhodes,33704
20066,Wayne,Hennessey,Hennessey,21571
20145,Adrian,Mariappa,Mariappa,13805
20208,Charlie,Adam,Adam,8327
20310,Willy,Caballero,Caballero,34749
20399,Antonio,Barragán,Barragán,14085
20452,Shane,Long,Long,13798
20467,Theo,Walcott,Walcott,13796
20480,Tim,Krul,Krul,22319
20481,Stephen,Ireland,Ireland,14169
20487,Vito,Mannone,Mannone,21682
20529,Glenn,Murray,Murray,21427
20658,Pablo,Zabaleta,Zabaleta,14244
20664,David,Silva,David Silva,14102
20695,Antonio,Valencia,Valencia,18296
21083,Nathan,Dyer,Dyer,13814
21123,Valon,Behrami,Behrami,12462
21205,Tom,Heaton,Heaton,17708
21246,Lewis,Grabban,Grabban,19736
26719,Rene,Gilmartin,Gilmartin,17876
26901,Kevin,Mirallas,Mirallas,15834
26921,Arouna,Koné,Koné,8943
27334,Mathieu,Debuchy,Debuchy,11367
27335,Stephan,Lichtsteiner,Lichtsteiner,15302
27341,Yohan,Cabaye,Cabaye,12376
27436,David,McGoldrick,McGoldrick,18501
27462,Jesús,Gámez Duarte,Gámez,18538
27698,Matthew,Connolly,Connolly,13939
27707,Darron,Gibson,Gibson,30395
27789,Fernando,Luiz Rosa,Fernandinho,19119
28082,Ralf,Fahrmann,Fahrmann,23592
28147,Mohamed,Diamé,Diamé,27188
28244,George,Boyd,Boyd,13056
28411,Keylor,Navas,Navas,65901
28448,Lee,Cattermole,Cattermole,14268
28462,Sam,Baldock,Baldock,19494
28468,Craig,Gardner,Gardner,14038
28541,Fraizer,Campbell,Campbell,29299
28554,Samir,Nasri,Nasri,13298
28593,Victor,Anichebe,Anichebe,14114
28609,Adam,Legzdins,Legzdins,21814
28654,Martin,Olsson,Olsson,33748
28690,Pablo,Hernández Domínguez,Hernández,29571
32259,Darren,Randolph,Randolph,19782
32318,Marc,Wilson,Marc Wilson,23446
33148,Claudio,Bravo,Bravo,14199
33871,Ragnar,Klavan,Klavan,10839
36903,Gareth,Bale,Bale,13812
37096,Lukasz,Fabianski,Fabianski,20973
37265,Alexis,Sánchez,Sánchez,25244
37339,Ahmed,El Mohamady,El Mohamady,34876
37388,Marcin,Wasilewski,Wasilewski,14621
37402,Christian,Fuchs,Fuchs,12431
37572,Sergio,Agüero,Agüero,14260
37605,Mesut,Özil,Özil,13756
37614,Mario,Vrancic,Vrancic,21562
37642,Jonny,Evans,Evans,22079
37742,Younes,Kaboul,Kaboul,14805
37748,Bacary,Sagna,Sagna,19471
37869,Ryan,Shawcross,Shawcross,29798
37901,Dimitri,Payet,Payet,14058
37915,Hugo,Lloris,Lloris,25604
38038,Ben,Hamer,Hamer,29832
38290,Danny,Rose,Rose,24711
38411,Nacho,Monreal,Monreal,23072
38419,Loïc,Remy,Remy,23054
38439,Etienne,Capoue,Capoue,33590
38454,Dejan,Lovren,Lovren,29106
38490,Beram,Kayal,Kayal,33318
38499,Tomer,Hemed,Hemed,28981
38533,Rui Pedro,dos Santos Patrício,Patrício,23089
38580,Jose,Fonte,Fonte,19859
38588,Gaetano,Berardi,Berardi,52407
38716,Lee,Peltier,Peltier,22654
39104,Mousa,Dembélé,Dembélé,12187
39155,Adam,Lallana,Lallana,21683
39158,Scott,Arfield,Arfield,21686
39167,Andrea,Ranocchia,Ranocchia,27421
39187,Jeremain,Lens,Lens,27512
39194,Jan,Vertonghen,Vertonghen,21778
39215,Michel,Vorm,Vorm,19270
39253,Jonas,Olsson,Olsson,6695
39472,Dieumerci,Mbokani,Mbokani,22820
39476,Sokratis,Papastathopoulos,Sokratis,22210
39487,Erik,Pieters,Pieters,24148
39725,Anders,Lindegaard,Lindegaard,10620
39790,Francisco,Casilla Cortés,Casilla,23154
39847,Steven,Defour,Defour,19155
40002,Matteo,Darmian,Darmian,23220
40142,Andy,Carroll,Carroll,23383
40145,Jack,Cork,Cork,22847
40146,Ryan,Bertrand,Bertrand,22846
40202,George,Friend,Friend,34822
40232,Gonzalo,Higuaín,Higuaín,19729
40276,Bojan,Krkic Perez,Bojan,31402
40346,Erwin,Mulder,Mulder,34171
40349,Asmir,Begovic,Begovic,23122
40383,Fraser,Forster,Forster,29796
40386,Chris,Basham,Basham,35607
40387,Dan,Gosling,Gosling,13846
40399,Sam,Vokes,Vokes,13938
40555,Joe,Allen,Allen,23444
40559,Fabricio,Agosto Ramírez,Fabri,23474
40564,Henri,Lansbury,Lansbury,32858
40616,Stephen,Ward,Ward,15764
40669,Angelo,Ogbonna,Ogbonna,23547
40694,Roberto,Jimenez Gago,Roberto,19442
40720,Edinson,Cavani,Cavani,24328
40725,Danny,Simpson,Simpson,23683
40755,Daniel,Sturridge,Sturridge,23736
40784,Mamadou,Sakho,Sakho,29575
40833,Jérémy,Pied,Pied,42248
40836,Vicente,Guaita,Guaita,33866
40845,Dale,Stephens,Stephens,24238
40868,José,Holebas,Holebas,21499
41135,Branislav,Ivanovic,Ivanovic,15338
41184,Marouane,Fellaini,Fellaini,22738
41251,Eduardo,dos Reis Carvalho,Eduardo,34098
41270,David,Luiz Moreira Marinho,David Luiz,27586
41320,Charlie,Daniels,Daniels,24827
41321,Yohan,Benalouane,Benalouane,29574
41328,César,Azpilicueta,Azpilicueta,25931
41338,Craig,Cathcart,Cathcart,25241
41464,Marko,Arnautovic,Arnautovic,34693
41674,Kevin,Long,Long,74606
41705,Bradley,Guzan,Guzan,28746
41725,Troy,Deeney,Deeney,25832
41727,Ryan,Bennett,Bennett,25834
41733,Georginio,Wijnaldum,Wijnaldum,33568
41792,Aaron,Ramsey,Ramsey,26820
41823,Fabian,Delph,Delph,27213
41945,Sebastian,Prödl,Prödl,27349
42427,Kieran,Gibbs,Gibbs,27550
42525,Stephen,Henderson,Henderson,29800
42564,Eric Maxim,Choupo-Moting,Choupo-Moting,29809
42593,Aleksandar,Kolarov,Kolarov,12267
42738,Juan,Zuñiga,Zuñiga,26682
42748,Gaëtan,Bong,Bong,32720
42774,Morgan,Schneiderlin,Schneiderlin,29544
42786,Eden,Hazard,Hazard,33404
42824,Carlos,Sánchez,Carlos Sánchez,26720
42892,Álvaro,Negredo,Negredo,23757
42899,Sergio,Romero,Romero,33831
42996,Angel,Rangel,Rangel,29820
43020,Javier,Hernández Balcázar,Chicharito,35003
43191,Leiva,Lucas,Lucas,31451
43250,Tom,Cleverley,Cleverley,69956
43252,James,Chester,Chester,70285
43521,Henri,Saivet,Saivet,34949
43626,Håvard,Nordtveit,Nordtveit,21742
43670,Juan,Mata,Mata,25363
43693,Martín,Cáceres,Cáceres,30635
43808,Markus,Suttner,Suttner,33477
44302,Adlène,Guédioura,Guédioura,64343
44336,Sofiane,Feghouli,Feghouli,34239
44343,Bakary,Sako,Sako,34974
44346,Olivier,Giroud,Giroud,24444
44413,Steve,Mandanda,Mandanda,29545
44604,Nordin,Amrabat,Amrabat,22932
44683,Jay,Rodriguez,Rodriguez,33891
44699,Ashley,Barnes,Barnes,33386
45034,Ivan,Perišić,Perišić,70524
45076,Lamine,Koné,Koné,34214
45124,André,Ayew,A.Ayew,30060
45196,Gary,Madine,Madine,37050
45220,Alex,Smithies,Smithies,132887
45268,Moussa,Sissoko,Sissoko,29595
46483,Adrien,Silva,Silva,32598
47247,John,Fleck,Fleck,30448
47390,Neil,Taylor,Taylor,31558
47431,Willian,Borges da Silva,Willian,29463
48332,Orestis,Karnezis,Karnezis,11624
48615,Harry,Arter,Arter,67807
48717,Winston,Reid,Reid,19277
48760,Mathias,Jorgensen,Zanka,29026
48771,Emilio,Nsue Lopez,Nsue,32224
48844,David,Ospina,Ospina,36745
48860,Niki,Mäenpää,Mäenpää,35565
49013,Victor,Moses,Moses,33064
49083,Luke,Freeman,Freeman,33290
49195,Jefferson,Montero,Montero,28416
49207,Rudy,Gestede,Gestede,33403
49262,Jason,Steele,Steele,33532
49277,Leroy,Fer,Fer,35174
49382,Bruno,Ecuele Manga,Ecuele Manga,42573
49384,Jack,Rodwell,Rodwell,33833
49413,James,Tomkins,Tomkins,33930
49438,Jordon,Mutch,Mutch,43742
49440,Hal,Robson-Kanu,Robson-Kanu,35371
49464,Cristhian,Stuani,Stuani,24400
49539,Kyle,Naughton,Naughton,34131
49579,Pedro,Rodríguez Ledesma,Pedro,44055
49688,Alfred,N'Diaye,N'Diaye,34123
49696,Mauro,Zárate,Zárate,14524
49773,Albert,Adomah,Adomah,35328
49806,David Junior,Hoilett,Hoilett,35460
49845,Aron,Gunnarsson,Gunnarsson,35734
49944,Jake,Livermore,Livermore,36849
49957,Kamil,Grosicki,Grosicki,30524
49982,Sean,Morrison,Morrison,37505
50089,Geoff,Cameron,Cameron,38772
50093,David,Button,Button,34388
50175,Danny,Welbeck,Welbeck,39308
50229,Matt,Phillips,Phillips,40036
50232,Jonjo,Shelvey,J.Shelvey,40027
50471,James,McArthur,McArthur,20339
50472,James,McCarthy,McCarthy,31281
51090,Thiago,Emiliano da Silva,T.Silva,28550
51344,Rajiv,van La Parra,van La Parra,42947
51507,Laurent,Koscielny,Koscielny,30051
51917,Diego,Cavalieri,Cavalieri,40767
51927,Ben,Mee,Mee,94935
51934,Ron-Robert,Zieler,Zieler,67300
51938,Marc,Albrighton,Albrighton,42147
51940,David,De Gea Quintana,De Gea,79554
52153,Miguel,Britos,Britos,36096
52287,Evandro,Goebel,Evandro,121488
52484,Leon,Balogun,Balogun,43362
52538,Fernando Francisco,Reges,Fernando,31958
52775,Nicolas,Nkoulou,Nkoulou,43834
52940,Daryl,Janmaat,Janmaat,32323
53371,David,Meyler,Meyler,41589
54102,Jack,Wilshere,Wilshere,42686
54284,Chris,Löwe,Löwe,101664
54316,Leonardo,Ulloa,Ulloa,19847
54421,Floyd,Ayité,Ayité,42572
54469,Adam,Smith,Smith,69877
54484,Francisco,Femenía Far,Femenía,75919
54513,Vicente,Iborra,Iborra,34052
54527,Loïc,Damour,Damour,294510
54694,Pierre-Emerick,Aubameyang,Aubameyang,44120
54738,Thomas,Kaminski,Kaminski,64342
54756,Victor,Wanyama,Wanyama,71714
54764,Jonathan,Kodjia,Kodjia,68862
54771,Fabio Pereira,da Silva,Fabio,44031
54861,Christian,Benteke,Benteke,68312
54908,Nacer,Chadli,Chadli,34302
55037,Cheikhou,Kouyaté,Kouyaté,66741
55038,Kevin,McDonald,McDonald,20100
55317,Bernardo,Espinosa Zúñiga,Bernardo,67327
55422,Gylfi,Sigurdsson,Sigurdsson,69346
55452,Yannick,Bolasie,Bolasie,69844
55459,Aaron,Cresswell,Cresswell,68049
55494,Joel,Ward,Ward,43105
55605,Toby,Alderweireld,Alderweireld,69933
55829,Claudio,Yacob,Yacob,35691
55909,Chris,Smalling,Smalling,71345
55914,Liam,Cooper,Cooper,44148
56192,Rhu-endly,Martina,Cuco Martina,43712
56377,Andriy,Yarmolenko,Yarmolenko,41672
56827,Costel,Pantilimon,Pantilimon,43948
56864,Francis,Coquelin,Coquelin,69738
56872,Junior,Stanislas,Stanislas,69912
56917,Steve,Cook,Cook,68662
56979,Jordan,Henderson,Henderson,68659
56981,Joe,Bennett,Bennett,68658
56983,Matt,Ritchie,Ritchie,68648
57001,Wilfried,Bony,Bony,42705
57112,Eliaquim,Mangala,Mangala,68852
57127,Teemu,Pukki,Pukki,25028
57134,Salomón,Rondón,Rondón,25964
57145,Federico,Fernández,Fernández,44847
57187,Giedrius,Arlauskis,Arlauskis,66957
57249,Henrikh,Mkhitaryan,Mkhitaryan,28421
57328,Nathaniel,Clyne,Clyne,69375
57410,Nicolás,Otamendi,Otamendi,75691
57513,Jonas,Lössl,Lössl,131171
57531,Michail,Antonio,Antonio,69517
57586,Luciano,Narsingh,Narsingh,69525
57647,Lyle,Taylor,Lyle Taylor,134189
57736,Jan,Kirchhoff,Kirchhoff,69609
58376,Alex,McCarthy,McCarthy,38577
58498,Odion,Ighalo,Ighalo,31376
58621,Kyle,Walker,Walker,69778
58771,Jack,Colback,Colback,69867
58786,Martin,Kelly,Kelly,44687
58791,Ryan,Mason,Mason,69878
58822,Cédric,Alves Soares,Cédric,69945
58845,Ciaran,Clark,Clark,70099
58877,Daley,Blind,Blind,70033
58893,Marcos,Rojo,Rojo,70050
59044,Adam,Clayton,Clayton,70140
59115,Mile,Jedinak,Jedinak,13727
59125,Connor,Wickham,Wickham,73382
59735,Karl,Darlow,Darlow,70483
59741,Max,Gradel,Gradel,29814
59779,Pedro,Obiang,Obiang,70676
59796,Gökhan,Töre,Töre,71015
59846,Ander,Herrera,Herrera,71174
59856,Abel,Hernández,Hernández,32741
59859,İlkay,Gündoğan,Gündoğan,77464
59940,Kyle,Bartley,Bartley,71327
59949,Séamus,Coleman,Coleman,31826
59966,Alexandre,Lacazette,Lacazette,73078
60025,James,Rodríguez,James,71182
60165,Wahbi,Khazri,Khazri,71381
60232,Craig,Dawson,Dawson,73063
60252,Andros,Townsend,Townsend,71522
60270,Simone,Zaza,Zaza,71647
60307,Pascal,Groß,Groß,71824
60551,Ashley,Westwood,Westwood,79050
60586,Jóhann Berg,Gudmundsson,Gudmundsson,41868
60598,Aleksandar,Dragovic,Dragovic,40560
60689,Chris,Wood,Wood,73380
60706,Adrián,San Miguel del Castillo,Adrián,73399
60772,Thibaut,Courtois,Courtois,73798
60914,Joel,Matip,Matip,74341
61256,Carlos Henrique,Casimiro,Casemiro,88526
61262,Oscar,dos Santos Emboaba Junior,Oscar,41065
61302,Ryan,Allsop,Allsop,74586
61316,Jose Luis,Mato Sanmartín,Joselu,74603
61366,Kevin,De Bruyne,De Bruyne,73084
61548,Manolo,Gabbiadini,Gabbiadini,74921
61558,Thiago,Alcántara do Nascimento,Thiago,74939
61566,Roberto,Pereyra,Pereyra,90000
61595,Marc,Muniesa,Muniesa,75177
61600,Romaine,Sawyers,Sawyers,75200
61603,Daniel,Drinkwater,Drinkwater,75138
61604,Matty,James,James,75198
61739,Maxime,Le Marchand,Le Marchand,236523
61760,Kristoffer,Nordfeldt,Nordfeldt,26236
61810,Pontus,Jansson,Jansson,121123
61858,Mame Biram,Diouf,Diouf,26013
61916,Stefan,Johansen,Johansen,27579
61933,Shane,Duffy,Duffy,75692
62398,Nemanja,Matic,Matic,38128
62399,Dusan,Tadic,Tadic,29474
62974,Erik,Lamela,Lamela,75830
63370,James,McClean,McClean,76050
63426,Enda,Stevens,Stevens,42266
66242,Davy,Pröpper,Pröpper,77429
66247,Marvin,Zeegelaar,Zeegelaar,78152
66588,Luke,Ayling,Ayling,82877
66749,Romelu,Lukaku Bolingoli,Lukaku,78498
66797,Simon,Mignolet,Mignolet,52197
66838,Cenk,Tosun,Tosun,77438
66842,André,Schürrle,Schürrle,77461
66975,Luka,Milivojevic,Milivojevic,70493
67089,Martin,Dúbravka,Dúbravka,46092
67527,Allan-Roméo,Nyom,Nyom,91434
68312,Xherdan,Shaqiri,Shaqiri,76304
68983,Matthew,Lowton,Lowton,80067
69140,Shkodran,Mustafi,Mustafi,80921
69143,Juraj,Kucka,Kucka,32514
69752,Norberto,Murara Neto,Neto,76202
69960,Philipp,Wollscheid,Wollscheid,86173
71738,Marco,Stiepermann,Stiepermann,82699
72147,Marco,Bizot,M.Bizot,83824
72222,Mateusz,Klich,Klich,69638
72681,Denis,Odoi,Odoi,68335
73314,Willian José,Da Silva,Willian José,77636
73426,Andre,Gray,Gray,131487
73459,Ashley Darel Jazz,Richards,Jazz Richards,78089
73494,Grzegorz,Krychowiak,Krychowiak,67424
73889,Diafra,Sakho,Sakho,83297
74033,Sam,Clucas,Clucas,134459
74208,Paul,Pogba,Pogba,97752
74230,Patrick,van Aanholt,van Aanholt,78221
74297,Leandro,Bacuna,Bacuna,79967
74375,Ezequiel,Schelotto,Schelotto,79442
74471,Aaron,Mooy,Mooy,318153
74854,Simon,Moore,Moore,131498
74944,Sam,Morsy,Morsy,134666
75115,Callum,Wilson,Wilson,134115
75773,Chung-yong,Lee,Lee Chung-yong,42915
75826,Danny,Ward,Ward,78471
75880,Daniel,Ayala,Ayala,78559
76306,Lukas,Rupp,Rupp,79533
76357,Tom,Cairney,Cairney,79583
76359,Phil,Jones,Jones,81726
76360,Nathaniel,Mendez-Laing,Mendez-Laing,87393
76542,Sung-yueng,Ki,Ki Sung-yueng,42916
77359,Florian,Lejeune,Lejeune,80758
77454,Fabio,Borini,Borini,80882
77762,Bryan,Oviedo,Oviedo,83455
77777,Ahmed El-Sayed,Hegazy,Hegazi,108724
77794,Kieran,Trippier,Trippier,83078
77818,James,Shea,Shea,94017
78007,Joshua,King,King,81026
78056,Oriol,Romeu Vidal,Romeu,90780
78091,Gastón,Ramírez,Ramírez,82923
78315,Joel,Robles,Robles,81681
78356,Charlie,Austin,Austin,82102
78412,Shinji,Okazaki,Okazaki,26222
78607,Kenny,McLean,McLean,82917
78830,Harry,Kane,Kane,83532
78911,Kadeem,Harris,Harris,135772
78916,Dan,Burn,Burn,82277
79228,Pape,Souaré,Souaré,79970
79602,Daniel,Bentley,Bentley,134543
79619,Jonathan,Hogg,Hogg,82593
79733,Scott,Malone,Malone,74077
79852,Jed,Steer,Steer,82745
79934,Oliver,Norwood,Norwood,90324
80146,Jordan,Ayew,J.Ayew,67491
80179,Adam,Forshaw,Forshaw,82972
80183,Luke,Garbutt,Garbutt,82965
80201,Bernd,Leno,Leno,92173
80226,Serge,Aurier,Aurier,83683
80254,Carl,Jenkinson,Jenkinson,91879
80447,Maya,Yoshida,Yoshida,37204
80607,Christian,Eriksen,Eriksen,69344
80755,Danny,Williams,Williams,83335
80789,Jordi,Amat,Amat,83357
80792,Greg,Cunninghamm,Cunningham,83394
80801,Idrissa Gana,Gueye,Gana,80464
80935,Papy,Djilobodji,Djilobodji,83456
80954,Rodrigo,Moreno,Rodrigo,83459
81012,Ryan,Fredericks,Fredericks,83554
81048,Josip,Drmic,Drmic,83588
81061,Michael,Simões Domingues,Mika,83601
81183,Matej,Vydra,Vydra,84129
81205,Mislav,Orsic,Orsic,141670
81441,Mark,Gillespie,Gillespie,134640
81880,Alex,Oxlade-Chamberlain,Chamberlain,84146
82078,Kenneth,Zohore,Zohore,83621
82143,Wes,Foderingham,Foderingham,134482
82257,Raphael,Spiegel,Spiegel,84796
82263,Marcos,Alonso,Alonso,84008
82403,Wilfried,Zaha,Zaha,85059
82428,Marten,de Roon,de Roon,85070
82514,Tim,Ream,Ream,85006
82691,George,Baldock,Baldock,134244
82738,Luke,Berry,Berry,139864
82771,Markus,Henriksen,Henriksen,69090
83091,Borja,González Tomás,Bastón,106872
83283,Nathan,Redmond,Redmond,86425
83299,Lewis,Dunk,Dunk,86441
83312,Ben,Gibson,Gibson,86458
83314,Jeff,Hendrick,Hendrick,86454
83427,Jack,Robinson,Robinson,86594
83428,Grant,Hanley,Hanley,86593
83543,Anthony,Knockaert,Knockaert,86794
84112,Collin,Quaner,Quaner,90996
84182,Alphonse,Areola,Areola,92516
84384,Timm,Klose,Klose,77114
84395,Florin,Gardos,Gardos,92331
84450,Granit,Xhaka,Xhaka,89401
84583,Philippe,Coutinho Correia,Coutinho,80767
84915,Michael,Hector,Hector,91840
84939,Danny,Ings,Ings,91762
85017,Tendayi,Darikwa,Darikwa,134668
85128,Connor,Goldson,Goldson,134258
85242,Conor,Hourihane,Hourihane,134172
85352,Bruno,Martins Indi,Martins Indi,90810
85368,Christopher,Schindler,Schindler,132360
85624,Christian,Kabasele,Kabasele,68393
85633,Matz,Sels,Sels,78386
85654,Jordy,Clasie,Clasie,90802
85955,Jorge Luiz,Frello Filho,Jorginho,106968
85971,Son,Heung-min,Son,91909
86129,Kalidou,Koulibaly,Koulibaly,90880
86153,Martín,Montoya,Montoya,91387
86173,Manuel,Agudo Durán,Nolito,91267
86176,Tom,Ince,Ince,90918
86417,Jeffrey,Schlupp,Schlupp,91822
86873,Benjamin,Lecomte,Lecomte,89928
86881,Nampalys,Mendy,Mendy,90278
86934,Manuel,Lanzini,Lanzini,89998
87107,Cyrus,Christie,Christie,134111
87121,Kieron,Freeman,Freeman,91825
87396,Moritz,Leitner,Leitner,91159
87428,Elias,Kachunga,Kachunga,92804
87447,Muhamed,Bešić,Bešić,90983
87835,Matt,Doherty,Doherty,94042
87856,Michael,Hefele,Hefele,104035
87873,Stuart,Dallas,Dallas,134143
88170,Jiri,Skalak,Skalak,90549
88175,Lovre,Kalinic,Kalinic,139533
88248,Stefan,Ortega Moreno,Ortega Moreno,133569
88482,Álvaro,Morata,Morata,91213
88484,Pablo,Sarabia,Sarabia,94868
88498,Benik,Afobe,Afobe,93647
88734,Neil,Etheridge,Etheridge,91953
88894,Ross,Barkley,Barkley,92547
88900,Jack,Stephens,Stephens,92550
89068,Layvin,Kurzawa,Kurzawa,92795
89076,Remo,Freuler,Freuler,302691
89085,Nathaniel,Chalobah,Chalobah,92729
89274,José Ignacio,Peleteiro Romallo,Jota,10447
89335,Saúl,Ñíguez,Saúl,112161
89470,Onel,Hernández,Hernández,92916
89572,Denis,Suárez,Suárez,106525
90105,Ryan,Fraser,Fraser,93160
90152,Raphaël,Varane,R.Varane,93206
90263,James,Husband,Husband,93309
90440,Tom,Trybull,Trybull,96853
90517,Robbie,Brady,Brady,93473
90518,Ravel,Morrison,Morrison,93475
90585,Willy,Boly,Boly,97587
90714,Ahmed,Musa,Musa,93577
91046,Cauley,Woodrow,Woodrow,138641
91047,Stuart,Armstrong,S.Armstrong,93677
91126,Will,Keane,Keane,107940
91651,Mateo,Kovačić,Kovačić,93894
91889,Niclas,Füllkrug,Füllkrug,104058
91972,Saido,Berahino,Berahino,94024
91979,Jon,Flanagan,Flanagan,94030
92159,Jetro,Willems,Willems,94885
92170,Massadio,Haidara,Haidara,94892
92217,Roberto,Firmino,Firmino,96182
92259,Neeskens,Kebano,Kebano,94933
92293,Omar,Elabdellaoui,Elabdellaoui,94936
92371,Pablo,Marí Villar,Pablo Marí,141032
92383,Nahki,Wells,Wells,122554
93001,Konstantinos,Stafylidis,Stafylidis,106486
93100,Jannik,Vestergaard,Vestergaard,87182
93127,Jesé,Rodríguez Ruiz,Jesé,106028
93264,Eric,Dier,Dier,117973
93284,Florin,Andone,Andone,255183
93464,Tom,Carroll,Carroll,90907
94147,Conor,Coady,Coady,97710
94245,Michy,Batshuayi,Batshuayi,97803
94248,Sergio,Rico,Rico,109338
94924,Gerard,Deulofeu,Deulofeu,98317
94926,Freddie,Ladapo,Ladapo,141931
95463,Danny,Ward,Ward,99165
95508,Fredrik,Ulvestad,Ulvestad,78193
95658,Harry,Maguire,Maguire,99487
95715,Lucas,Rodrigues Moura da Silva,Lucas Moura,92508
96305,Jay,Fulton,Fulton,145999
96306,Stephen,Kingsley,Kingsley,100718
96764,M'Baye,Niang,Niang,58761
96767,Dimitri,Foulquier,Foulquier,101084
96778,Adam,Reach,Reach,101135
96784,Jordan,Clark,Clark,100594
96787,Mohamed,Elyounoussi,Elyounoussi,141732
96994,Bobby,De Cordova-Reid,De Cordova-Reid,134332
97032,Virgil,van Dijk,Virgil,95408
97296,Tommie,Hoban,Hoban,101373
97299,John,Stones,Stones,101374
97485,Kevin,Wimmer,Wimmer,101550
97615,Mike,van der Hoorn,van der Hoorn,101605
98745,Héctor,Bellerín,Bellerín,125211
98747,Nick,Pope,Pope,105720
98770,Ørjan,Nyland,Nyland,39187
98914,Guido,Carrillo,Carrillo,125379
98980,Emiliano,Martínez Romero,Martinez,102248
99323,Lazar,Markovic,Markovic,105577
100059,Alberto,Moreno,Moreno,113275
100180,Danilo Luiz,da Silva,Danilo,88300
100412,André,Carrillo,Carrillo,97635
100649,Bernard,Anício Caldeira Duarte,Bernard,101642
101061,Philip,Heise,Heise,132922
101105,Joe,Bryan,Bryan,134331
101148,Jamaal,Lascelles,Lascelles,105171
101178,James,Ward-Prowse,Ward-Prowse,105172
101179,Lloyd,Isgrove,Isgrove,130330
101184,Calum,Chambers,Chambers,124316
101188,Lucas,Digne,Digne,89925
101338,Marcel,Sabitzer,Sabitzer,92051
101394,Okay,Yokuslu,Yokuslu,93805
101537,Felipe Anderson,Pereira Gomes,Felipe Anderson,93026
101582,Frederico,Rodrigues de Paula Santos,Fred,114397
101668,Jamie,Vardy,Vardy,106981
101982,Sam,Johnstone,Johnstone,105603
102057,Raúl,Jiménez Rodríguez,Raúl,108186
102366,Moritz,Bauer,Bauer,103536
102380,Antonio,Rüdiger,Rüdiger,104010
102549,Adam,Davies,A.Davies,10894
102738,Giannelli,Imbula,Imbula,81959
102747,Djibril,Sidibé,Sidibé,10454
102826,Benjamin,Mendy,Mendy,105962
102884,Paulo,Gazzaniga Farias,Gazzaniga,104732
103025,Riyad,Mahrez,Mahrez,104749
103123,Sébastien,Haller,Haller,236544
103127,Molla,Wagué,Wagué,105339
103192,Kurt,Zouma,Zouma,106086
103912,Jordon,Ibe,Ibe,105797
103914,Charlie,Taylor,Taylor,107462
103955,Raheem,Sterling,Sterling,97692
104047,Pelly Ruddock,Mpanzu,Mpanzu,135717
104073,Joe,Ralls,Ralls,108093
104542,Loris,Karius,Karius,107176
104545,Tommy,Smith,Smith,135837
104547,Dwight,Gayle,Gayle,118326
104953,Christian,Atsu,Atsu,96257
105377,Ezgjan,Alioski,Alioski,137161
105666,Jack,Butland,Butland,107395
105700,Davide,Zappacosta,Zappacosta,141312
105717,Arthur,Masuaku,Masuaku,122980
106449,Kevin,Stewart,Stewart,107846
106450,Alex,Pritchard,Pritchard,107848
106468,Álex,Moreno Lopera,Alex Moreno,135374
106603,Ezekiel,Fryers,Fryers,107942
106606,Massimo,Luongo,Luongo,110555
106611,Michael,Keane,Keane,107941
106617,Patrick,Bamford,Bamford,109670
106618,Paul,Dummett,Dummett,112009
106757,Jürgen,Locadia,Locadia,107622
106760,Luke,Shaw,Shaw,118244
106824,Memphis,Depay,Depay,110154
106837,Dennis,Praet,Praet,106413
106899,Roque,Mesa,Mesa,108176
107265,Angus,Gunn,Gunn,318896
107613,Romain,Saïss,Saïss,236519
108053,Conor,Townsend,Townsend,108640
108093,Luciano,Vietto,Vietto,125543
108156,Björn,Engels,Engels,108493
108411,Dan,Potts,Potts,108630
108413,Will,Hughes,Hughes,108638
108416,John,Egan,Egan,108632
108438,Sandro,Ramírez,Sandro,135242
108796,Tom,Lockyer,Lockyer,134360
108813,Christian,Walton,Walton,140906
108823,Dele,Alli,Dele,131519
108824,Brendan,Galloway,Galloway,131523
109065,Davy,Klaassen,Klaassen,108860
109322,Jesse,Lingard,Lingard,109000
109345,Solly,March,March,122926
109434,Terence,Kongolo,Kongolo,109117
109528,Javier,Manquillo Gaitán,Manquillo,109227
109533,Emerson,Palmieri dos Santos,Emerson,101955
109638,Kean,Bryan,Bryan,318890
109646,Tosin,Adarabioyo,Tosin,136464
109745,Kepa,Arrizabalaga Revuelta,Arrizabalaga,113880
109788,João Mário,Naval Costa Eduardo,João Mário,125476
109999,Ibrahima,Cissé,Cissé,109479
110504,Bertrand,Traoré,Traoré,109807
110735,Adam,Webster,Webster,109922
110979,Sadio,Mané,Mané,109915
111234,Jordan,Pickford,Pickford,110189
111291,Fernando,Marçal,Marçal,121718
111317,David,Brooks,Brooks,295084
111452,Odysseas,Vlachodimos,Odysseas,110273
111457,Sead,Kolasinac,Kolasinac,110260
111478,Joël,Veltman,Veltman,110290
111773,Emil,Krafth,Krafth,100599
111782,Robin,Olsen,Olsen,41554
111787,Modou,Barrow,Barrow,248351
111847,Adama,Diomande,Diomande,243562
111931,Ricardo,Barbosa Pereira,Ricardo,120763
112316,Jakob,Haugaard,Haugaard,298599
112338,Emre,Can,Can,111212
112507,Jack,Rose,Rose,260780
112516,Isaiah,Brown,Brown,127119
112520,Alex,Palmer,Palmer,280770
113534,Matt,Macey,Macey,254550
113564,Sam,Byram,Byram,118303
113688,Oumar,Niasse,Niasse,111141
114000,George,Honeyman,Honeyman,278129
114093,Matthew,Pennington,Pennington,141451
114128,Jonathan,Castro Otto,J.Otto,115917
114241,Harry,Toffolo,Toffolo,298659
114243,Jacob,Murphy,J.Murphy,141486
114245,Josh,Murphy,Murphy,136783
114283,Jack,Grealish,Grealish,113069
114536,Ryan,Inniss,Inniss,113249
115357,Mouez,Hassen,Hassen,116615
115382,Neal,Maupay,Maupay,119822
115556,Ben,Davies,Davies,103837
115854,Duncan,Watmore,Watmore,141512
115858,Rachid,Ghezzal,Ghezzal,95423
115918,Rúnar Alex,Rúnarsson,Rúnarsson,141841
116216,Leandro,Trossard,Trossard,113994
116404,Felipe Augusto,de Almeida Monteiro,Felipe,102173
116535,Alisson,Becker,A.Becker,114147
116543,Valentino,Lazaro,Lazaro,114323
116594,N'Golo,Kanté,Kanté,114075
116643,Fabio Henrique,Tavares,Fabinho,115916
118342,Mark,Flekken,Flekken,115131
118748,Mohamed,Salah,M.Salah,108226
118884,Erik,Durm,Durm,115165
119471,Fabian,Schär,Schär,82726
119765,Allan,Marques Loureiro,Allan,82438
120202,Wout,Weghorst,Weghorst,115479
120250,André,Tavares Gomes,André Gomes,118123
120447,Bradley,Smith,Brad Smith,141414
120721,Kevin,Mbabu,Mbabu,115230
121145,João,Cavaco Cancelo,João Cancelo,128967
121160,Ederson,Santana de Moraes,Ederson M.,121774
121221,Ramiro,Funes Mori,Funes Mori,121454
121570,Julian,Jeanvier,Jeanvier,120000
121599,Abdoulaye,Doucouré,A.Doucoure,116317
121709,Walter,Benítez,Benitez,130304
122074,Marcus,Bettinelli,Bettinelli,135768
122342,Emerson,Hyndman,Hyndman,231119
122411,Cameron,Burgess,Burgess,231118
122775,Morgan,Sanson,Sanson,115508
122797,Callum,Paterson,Paterson,253843
122798,Andrew,Robertson,Robertson,115726
122806,John,McGinn,McGinn,318449
123125,Viktor,Fischer,Fischer,101862
123354,Kortney,Hause,Hause,134207
124165,Patrick,Roberts,Roberts,136462
124183,Hakim,Ziyech,Ziyech,115868
126184,Nathan,Aké,Aké,122945
126187,Ruben,Loftus-Cheek,Loftus-Cheek,255777
126407,Nabil,Bentaleb,Bentaleb,137521
128198,Sofiane,Boufal,Boufal,234363
128295,Christian,Nørgaard,Nørgaard,101856
128309,Jamal,Lowe,Lowe,362126
128340,Kieffer,Moore,Moore,133190
128348,Ibrahim,Amadou,Amadou,118885
128389,Aleksandar,Mitrović,Mitrović,115279
130025,Luis,Hernández,Hernández,294139
130036,Ozan,Tufan,Tufan,115639
130103,Hiram,Boateng,Boateng,135732
131304,William,Troost-Ekong,Troost-Ekong,133400
131403,Rhys,Healey,Healey,119026
131897,Mathew,Ryan,Ryan,81523
132015,Pierre-Emile,Højbjerg,Højbjerg,101859
133085,Lawrence,Vigouroux,Vigouroux,137804
133801,Jerome,Sinclair,Sinclair,274630
133845,Emiliano,Marcondes,Marcondes,115085
134383,Connor,Randall,Randall,296522
135363,Andreas,Christensen,Christensen,130331
135365,Jeremie,Boga,Boga,280766
135720,Kevin,Danso,Danso,330816
138001,Tom,King,King,243164
138009,Sullay,Kaikai,Kaikai,260451
139110,Ondrej,Duda,Duda,115257
140200,Thomas,Strakosha,Strakosha,121480
141020,Max,Meyer,Meyer,124598
141569,Léo,Bonatini,Bonatini,137269
141746,Bruno,Borges Fernandes,B.Fernandes,123761
143877,Alexander,Sørloth,Sørloth,302497
144485,Ivan,Toney,Toney,134240
144660,Didier,Ndong,Ndong,149599
145235,José Ángel,Esmorís Tasende,Angeliño,255089
146426,Oluwasemilogo Adesewo Ibidapo,Ajayi,Ajayi,247815
146610,Jack,O'Connell,O'Connell,134473
146941,Aymeric,Laporte,Laporte,122117
147303,Laurent,Depoitre,Depoitre,106880
147611,Paul,Onuachu,Onuachu,122182
147612,Richairo,Zivkovic,Zivkovic,122206
147675,Chuba,Akpom,Akpom,122294
148179,Enner,Valencia,Valencia,83895
148225,Anthony,Martial,Martial,122366
148508,Mahmoud Ahmed,Ibrahim Hassan,Trézéguet,313545
149016,Lynden,Gooch,Gooch,294849
149051,Ethan,Robson,Ethan Robson,332124
149065,José,Malheiro de Sá,José Sá,122714
149266,Alfie,Mawson,Mawson,135727
149468,Tyias,Browning,Browning,123138
149484,Tyrone,Mings,Mings,123167
149519,Maxwel,Cornet,Cornet,125004
149736,Chancel,Mbemba,Mbemba,104368
149828,Islam,Slimani,Slimani,108055
149915,Diego,Llorente,Llorente,123232
149929,Wes,Burns,Burns,135729
151086,Mario,Lemina,Mario Jr.,123481
151119,DeAndre,Yedlin,Yedlin,126958
151589,Leander,Dendoncker,Dendoncker,124106
152551,Jefferson,Lerma Solís,Lerma,133464
152590,Alex,Telles,Alex Telles,125793
152760,Divock,Origi,Origi,124688
152898,Ben,Davies,Davies,124204
153127,Isaac,Hayden,Hayden,136356
153133,Alex,Iwobi,Iwobi,136824
153256,Mohamed,Elneny,M.Elneny,125209
153366,Harrison,Reed,Reed,135724
153371,Sam,Gallagher,Gallagher,138027
153373,Sam,McQueen,McQueen,142438
153379,Josh,Sims,Sims,330916
153477,Conor,Masterson,Masterson,302215
153673,Jonjoe,Kenny,Kenny,255961
153682,Harry,Wilson,Wilson,333044
153723,John,Lundstram,Lundstram,126149
153772,Luke,McGee,McGee,251136
154043,Ainsley,Maitland-Niles,Maitland-Niles,255169
154048,Stephy,Mavididi,Mavididi,318750
154050,Olufela,Olomola,Olomola,312920
154051,Oviemuno,Ejaria,Ejaria,327852
154131,Jack,Stacey,Stacey,231080
154138,Tariqe,Fosu-Henry,Fosu,240848
154296,João Maria,Lobo Alves Palhares Costa Palhinha Gonçalves,J.Palhinha,322774
154506,Daniel,Bachmann,Bachmann,141468
154558,Thomas,Robson,Thomas Robson,252285
154559,Michael,Ledger,Ledger,332418
154561,David,Raya Martín,Raya,276366
154566,Dominic,Solanke-Mitchell,Solanke,136459
154976,Adnan,Januzaj,Januzaj,130334
155197,Max,Lowe,Lowe,136452
155405,Kalvin,Phillips,Phillips,270446
155408,Lewis,Cook,Cook,136456
155503,Freddie,Woodman,Woodman,136466
155509,Greg,Olley,Olley,322594
155511,Adam,Armstrong,Armstrong,136460
155513,Rolando,Aarons,Aarons,235743
155529,Marek,Rodák,Rodák,256125
155561,Ludwig,Augustinsson,Augustinsson,282994
155569,Daniel,Amartey,Amartey,243552
155651,Adam,Masina,Masina,137512
155851,Lucas,Pérez,Lucas,135663
156069,Liam,Gibson,Gibson,303109
156074,Rob,Holding,Holding,288795
156658,Reece,Burke,Burke,141510
156660,Moses,Makasi,Makasi,336236
156683,Pierluigi,Gollini,Gollini,240990
156685,Joe,Rothwell,Rothwell,260784
156686,James,Weir,Weir,302386
156687,Ben,Pearson,Pearson,302391
156689,Andreas,Hoelgebaum Pereira,Andreas,243254
156690,Joshua,Harrop,Harrop,338496
156700,Carlton,Morris,Morris,263188
157665,Filip,Lesniak,Lesniak,320639
157668,Harry,Winks,Winks,143990
157775,Ken,Sema,Sema,145392
157882,Takumi,Minamino,Minamino,262838
158074,Gabriel Armando,de Abreu,Gabriel,76810
158499,Ryan,Christie,Christie,128882
158534,Kyle,Walker-Peters,Walker-Peters,313672
158544,Jake,Hesketh,Hesketh,255505
158983,Endo,Wataru,Endo,86829
159039,Antonio,Barreca,Barreca,143524
159506,Ola,Aina,Aina,315543
159533,Adama,Traoré Diarra,Adama,140088
160190,Kasey,Palmer,Palmer,315544
160729,Jason,Denayer,Denayer,243511
160816,Donald,Love,Love,303379
160817,Patrick,McNair,McNair,244565
160987,Jean-Philippe,Gbamin,Gbamin,129758
162651,Samir,Caetano de Souza Santos,Samir,131337
163463,Papa Alioune,Ndiaye,Badou Ndiaye,112698
163526,Edimilson,Fernandes,Fernandes,130964
163776,Erdal,Rakip,Rakip,131030
164011,Mbaye,Diagne,Diagne,142072
164484,Zack,Steffen,Steffen,145473
164511,Yerry,Mina,Mina,318432
164555,Vladimír,Coufal,Coufal,111372
165153,Timo,Werner,Werner,130903
165183,Amari'i,Bell,Bell,141209
165210,Alireza,Jahanbakhsh,Jahanbakhsh,133390
165659,Diego Carlos,Santos Silva,Diego Carlos,134984
165808,Hélder Wander,Sousa de Azevedo e Costa,Costa,118127
165809,Bernardo,Mota Veiga de Carvalho e Silva,Bernardo,136741
165911,Bartosz,Kapustka,Kapustka,295603
165990,Vincent,Janssen,Janssen,133381
166324,Ivan,Neves Abreu Cavaleiro,I.Cavaleiro,137386
166325,Carlos,Ribeiro Dias,Cafú,118121
166477,Timothy,Castagne,Castagne,141169
166640,Fabián,Balbuena,Balbuena,282871
166989,Youri,Tielemans,Tielemans,136345
167074,Kenny,Tete,Tete,145996
167075,Wesley,Hoedt,Hoedt,141172
167191,Marcus,Myers-Harness,Harness,135714
167199,Thomas,Partey,Thomas,238940
167473,José,Izquierdo,Izquierdo,243548
167512,Luke,O'Nien,O'Nien,134373
167522,Jordan,Hugill,Hugill,139334
167767,Robert Kenedy,Nunes do Nascimento,Kenedy,132838
167789,Baily,Cargill,Cargill,140889
167878,Ben,Osborn,Osborn,140667
167887,Josh,Laurent,Laurent,142676
167888,Joe,Lumley,Lumley,288788
168035,Fred,Onyedinma,Onyedinma,141431
168090,Mahmoud,Dahoud,Dahoud,135092
168172,Joe,Lolley,Lolley,138785
168196,Joel Dinis,Castro Pereira,Joel Pereira,312584
168281,Scott,McKenna,McKenna,364624
168287,Jonathan,Calleri,Calleri,133445
168290,Ignacio,Pussetto,Pussetto,134698
168399,Will,Norris,Norris,139866
168547,Ethan,Horvath,Horvath,296544
168566,Georges-Kévin,Nkoudou,Nkoudou,134887
168580,Ayoze,Pérez,Pérez,135366
168636,Enes,Ünal,Enes Ünal,134695
168717,Maksymilian,Stryjek,Stryjek,259134
168763,Cameron,Carter-Vickers,Carter-Vickers,301029
168764,Luke,Amos,Amos,329492
168765,Josh,Onomah,Onomah,136455
168977,Joel,Coleman,Coleman,135179
168991,Philip,Billing,Philip,145277
169061,Dael,Fry,Fry,288989
169102,Tiemoué,Bakayoko,Bakayoko,135211
169130,Joel,Taylor,Taylor,332836
169141,Steve,Mounie,Mounie,135259
169187,Trent,Alexander-Arnold,Alexander-Arnold,318871
169359,Matt,Targett,Targett,136776
169432,Oliver,McBurnie,McBurnie,138695
169527,Joe,Williams,Joe Williams,255962
169528,Antonee,Robinson,Robinson,306581
169535,Julien,de Sart,de Sart,136396
169593,Remi,Matthews,Matthews,229492
169735,Noor,Husin,Husin,331923
169743,Connor,Mahoney,Mahoney,135773
170137,Allan,Saint-Maximin,Saint-Maximin,135891
170154,Pablo,Maffeo,Maffeo,294848
170271,Jean Michaël,Seri,Seri,136262
170851,Josh,Robson,Josh Robson,294516
171099,Hassane,Kamara,Kamara,239881
171101,Clément,Lenglet,Lenglet,236511
171129,Diego,Rico,Rico,323352
171162,Charly,Musonda,Musonda,303172
171270,Kieran,Dowell,Dowell,136458
171277,Demetri,Mitchell,Mitchell,136457
171287,Joe,Gomez,Gomez,136451
171314,Rúben,dos Santos Gato Alves Dias,Rúben,313171
171317,Rúben,da Silva Neves,Neves,238244
171319,Renato,Sanches,Sanches,299450
171771,Jan,Bednarek,Bednarek,136742
171975,Callum,Robinson,Callum Robinson,138768
172246,Florent,Hadergjonaj,Hadergjonaj,136896
172453,Sam,Szmodics,Szmodics,138686
172551,Callum,Roberts,Roberts,256534
172567,Josh,Cullen,Cullen,273292
172632,Demarai,Gray,Gray,136945
172649,Dean,Henderson,Henderson,304008
172780,James,Maddison,Maddison,137015
172782,Josh,Brownhill,Brownhill,138929
172841,Saïd,Benrahma,Benrahma,137021
172850,Ben,Chilwell,Chilwell,299272
172912,Sofyan,Amrabat,Amrabat,248144
173268,Ivo,Grbic,Grbić,377309
173271,Duje,Caleta-Car,Caleta-Car,251134
173514,Isaac,Success Ajayi,Success,145940
173515,Kelechi,Iheanacho,Iheanacho,289253
173792,Reece,Oxford,Oxford,260779
173804,Layton,Ndukwu,Ndukwu,357426
173807,Tom,Davies,T.Davies,316077
173809,Jonathan,Leko,Leko,315290
173810,Darnell,Johnson,Johnson,396318
173818,Nathan,Broadhead,Broadhead,349671
173821,Tyler,Roberts,Roberts,280771
173879,Tammy,Abraham,Abraham,317506
173904,Davinson,Sánchez,Sánchez,322655
173954,Jairo,Riedewald,Riedewald,141246
174248,George,Thomas,Thomas,138445
174292,Marco,Asensio,M.Asensio,137467
174310,Elijah,Adebayo,Adebayo,362145
174590,Jacob,Maddox,Maddox,362196
174592,Marcus,Edwards,Edwards,279177
174593,Kyle,Edwards,Edwards,297020
174594,Lukas,Nmecha,Nmecha,347340
174874,Joachim,Andersen,Andersen,231135
174932,Sergi,Canós Tenés,Canós,295964
175351,Demeaco,Duhaney,Duhaney,349568
175353,Ayotomiwa,Dele-Bashiru,Dele-Bashiru,350062
175592,Naby,Keita,Keita,243510
175941,Alfie,Whiteman,Whiteman,328106
175946,Víctor,Camarasa,Camarasa,140957
176295,Matthew,Willock,Willock,335593
176296,Ashley,Fletcher,Fletcher,302206
176297,Marcus,Rashford,Rashford,300299
176413,Christian,Pulisic,Pulisic,302692
176414,Luca,De La Torre,De La Torre,322406
176420,Darnell,Furlong,Furlong,262401
176706,Alfie,Jones,Jones,323793
177815,Dominic,Calvert-Lewin,Calvert-Lewin,141469
178186,Jarrod,Bowen,Bowen,322596
178301,Ollie,Watkins,Watkins,148503
178304,Lys,Mousset,Mousset,296332
178867,Antonio,Martinez Lopez,Martínez,280060
178871,Aleix,García Serrano,García,280663
178876,Jesús,Vallejo Lázaro,Vallejo,238901
179018,Miguel,Almirón Rejala,Almirón,303924
179261,Zachary,Dearnley,Dearnley,338499
179268,Marc,Cucurella Saseta,Cucurella,363496
179276,Mathias,Normann,Normann,320959
179456,Oskar,Buur,Buur,345769
179458,Jacob,Bruun Larsen,Bruun Larsen,307202
179519,Orel,Mangala,Mangala,344073
179587,Dennis,Srbeny,Srbeny,142470
179596,Elliott,Moore,Moore,338118
179725,Carl,Stewart,Stewart,332412
179829,Josh,Pask,Pask,284122
179830,Grady,Diangana,Diangana,306943
180135,Sean,Longstaff,Longstaff,342811
180151,Nikola,Vlašić,Vlašić,343975
180184,Donny,van de Beek,Van de Beek,275035
180294,Karlan,Grant,Grant,244568
180736,Trevoh,Chalobah,Chalobah,353292
180804,Axel,Tuanzebe,Tuanzebe,299271
180974,Joelinton Cássio,Apolinário de Lira,Joelinton,201755
181008,Albian,Ajeti,Ajeti,143693
181284,Gonçalo Manuel,Ganchinho Guedes,Guedes,247995
181397,Jamie,Sterry,Sterry,276986
181489,Alex,Pike,Pike,284123
181911,Kyle,Scott,Scott,342565
182156,Leroy,Sané,Sané,144711
182436,Ben,Woodburn,Woodburn,330818
182539,Daniel,Ceballos Fernández,Ceballos,144890
182960,Pau,López Sabata,Pau López,145427
183015,Cedric,Kipre,Kipre,361329
183487,Nathan,Holland,Holland,336237
183656,Josh,Dasilva,Dasilva,318744
183751,Manuel,Benson Hedilazio,Benson,400244
184029,Martin,Ødegaard,Ødegaard,247454
184193,Jordan,Smith,Smith,322566
184254,Guglielmo,Vicario,Vicario,147863
184259,Richard,Nartey,Nartey,382369
184341,Mason,Mount,Mount,343346
184349,Ryan,Sessegnon,Sessegnon,322611
184386,James,Bree,Bree,148474
184667,Victor,Lindelöf,Lindelöf,100008
184704,Marvelous,Nakamba,Nakamba,243249
184754,Hwang,Hee-chan,Hee Chan,262854
185056,Mateusz,Hewelt,Hewelt,329677
185253,Gustavo Henrique,Furtado Scarpa,G.Scarpa,149738
185431,Ali,Gabr,Gabr,333025
185478,Jarosław,Jach,Jach,339499
189627,Dimitris,Giannoulis,Giannoulis,296838
191769,Jonathan,Benteke,Jonathan Benteke,326414
191866,Kristoffer,Ajer,Ajer,321085
192182,Kieran,O'Hara,O'Hara,295133
192290,Connor,Roberts,Roberts,135865
192301,Jon Gorenc,Stankovic,Stankovic,254128
192303,Christoph,Zimmermann,Zimmermann,228569
192895,Kieran,Tierney,Tierney,297403
193109,Callum,Slattery,Slattery,368415
193111,Todd,Cantwell,Cantwell,346738
193195,Allan,Campbell,Campbell,397153
193204,Joe,Aribo,Aribo,342877
193488,Anwar,El Ghazi,El Ghazi,232261
193645,Robin,Koch,Koch,276205
194010,Rico,Henry,Henry,229562
194126,Michael,Verrips,Verrips,298805
194164,Mason,Holgate,Holgate,297544
194190,Harry,Souttar,Souttar,344380
194252,Steven,Bergwijn,Bergwijn,279425
194401,Adalberto,Peñaranda,Peñaranda,300438
194634,Diogo,Teixeira da Silva,Diogo J.,235755
194794,Fikayo,Tomori,Tomori,317507
194798,Bernard,Ashley-Seal,Ashley-Seal,363974
194799,Jamal,Lewis,Lewis,350138
195064,Mace,Goodridge,Goodridge,389088
195384,Mikel,Merino Zazón,Merino,238916
195471,Anthony,Driscoll-Glennon,Driscoll-Glennon,373461
195473,Rhian,Brewster,Brewster,336285
195480,Josh,Maja,Maja,325156
195546,Emiliano,Buendía Stati,Buendía,260592
195728,Alex,Kral,Kral,369861
195735,Nicolas,Pépé,Pepe,239872
195774,Gedson,Carvalho Fernandes,Fernandes,361726
195851,Scott,McTominay,McTominay,336915
195855,Beni,Baningime,Baningime,347436
195859,Marcus,Browne,Browne,303387
195860,Joe,Powell,Powell,364017
195864,Sam,Field,Field,317243
195899,Gianluca,Scamacca,Scamacca,302650
196100,Gustavo,Hamer,Hamer,332143
196118,Yoshinori,Muto,Muto,132210
196411,Conor,Chaplin,Chaplin,256129
197024,Guido,Rodríguez,G.Rodriguez,303876
197030,Aboubakar,Kamara,Kamara,243076
197365,Eric,Bailly,Bailly,243814
197464,Nathaniel,Phillips,N.Phillips,381527
197469,Hamza,Choudhury,Choudhury,312670
197937,Oliver,Burke,Burke,244303
198044,Harry,Lewis,Lewis,329820
198501,Sead,Haksabanovic,Haksabanovic,330545
198504,Kazaiah,Sterling,Sterling,349567
198826,Ben,Godfrey,Godfrey,287504
198842,Connor,Ronan,Ronan,294524
198847,Bright,Enobakhare,Enobakhare,294003
198849,Lucas,Torreira di Pascua,Torreira,248109
198869,Benjamin,White,White,322036
199056,Gabriel,Osho,Osho,366080
199170,Moussa,Niakhaté,Niakhaté,296319
199249,Sergio,Reguilón,Reguilón,362275
199404,Tashan,Oakley-Boothe,Oakley-Boothe,344695
199583,Dujon,Sterling,Sterling,345846
199584,Japhet,Tanganga,Tanganga,384063
199598,Ethan,Ampadu,Ampadu,322418
199670,Odsonne,Édouard,Édouard,317504
199796,Matty,Cash,Cash,322043
199798,Ezri,Konsa Ngoyo,Konsa,301440
199806,Dion,Henry,Henry,249848
200088,Daniel,N'Lundulu,Nlundulu,382519
200089,Joe,Willock,Willock,342563
200370,Matt,Butcher,Butcher,300771
200402,Nélson,Cabral Semedo,N.Semedo,296363
200439,Che,Adams,Adams,256419
200455,Julien,Ngoy,Ngoy,323564
200600,Daniel,Castelo Podence,Podence,300513
200617,Daniel,James,James,302313
200641,Reiss,Nelson,Nelson,342564
200720,Caoimhín,Kelleher,Kelleher,322176
200785,Tyler,Adams,Adams,315275
200826,Giovani,Lo Celso,Lo Celso,303908
200834,Nordi,Mukiele,Mukiele,299077
200878,Filip,Krovinovic,Krovinovic,322579
200884,Tyrese,Campbell,Campbell,353665
201057,Thilo,Kehrer,Kehrer,255167
201084,Timothy,Fosu-Mensah,Fosu-Mensah,312739
201410,Auston,Trusty,Trusty,298687
201440,Hwang,Ui-jo,Ui-jo,127571
201595,Lucas Estella,Perri,Perri,307564
201658,Marcus,Tavernier,Tavernier,344314
201666,Harvey,Barnes,Barnes,331382
201667,Josh,Knight,Knight,344317
201895,Omar,Alderete,Alderete,344639
202174,Greg,Luer,Luer,288783
202641,André,Onana,Onana,260843
202993,Rodrigo,Bentancur,Bentancur,303657
203325,André-Frank,Zambo Anguissa,Anguissa,349561
203341,Wilfred,Ndidi,Ndidi,327683
203368,Frédéric,Guilbert,Guilbert,260493
203389,Nathan,Tella,Tella,395472
204043,Arthur Henrique,Ramos de Oliveira Melo,Arthur,284114
204120,Olivier,Boscagli,Boscagli,260809
204214,Pervis,Estupiñán Tenorio,Estupiñan,298694
204216,Keshi,Anderson,Anderson,297165
204380,Juninho,Bacuna,Bacuna,261143
204454,Isaac,Mbenza,Mbenza,296317
204480,Declan,Rice,Rice,332325
204481,Tyreke,Johnson,Johnson,367927
204580,Vitaly,Janelt,Janelt,298689
204646,Donyell,Malen,Malen,351354
204676,Andi,Zeqiri,Zeqiri,280621
204716,Ibrahima,Konaté,Konaté,345957
204727,Malang,Sarr,M.Sarr,322747
204760,Michael,Folivi,Folivi,332416
204814,Ben,Brereton Díaz,Brereton Díaz,332839
204819,Elliot,Embleton,Embleton,332326
204820,George,Marsh,Marsh,365589
204863,Ryan,Manning,Manning,332402
204936,Gianluigi,Donnarumma,Donnarumma,262515
204968,Ryan,Yates,Yates,342830
205102,Ramadan,Sobhi,Sobhi,260289
205135,Samuel,Shashoua,Shashoua,338119
205533,Eddie,Nketiah,Nketiah,345845
205651,Gabriel,Fernando de Jesus,G.Jesus,279379
205836,Saman,Ghoddos,Ghoddos,320575
206325,Oleksandr,Zinchenko,Zinchenko,273257
206915,Curtis,Jones,C.Jones,355354
207189,Sander,Berge,Berge,321020
207270,Daniel,Iversen,Iversen,339672
207283,Mathias,Jensen,Jensen,339674
207300,Mihai-Alexandru,Dobre,Dobre,362805
207725,Daniel,Agyei,Agyei,275887
208706,Bruno,Guimarães Rodriguez Moura,Bruno G.,338780
208904,Mads Juel,Andersen,Andersen,379632
208912,Joe,Worrall,Worrall,315714
208973,Francisco,Sierralta,Sierralta,362761
208987,Jeff,Reine-Adelaide,Reine-Adelaide,277239
208998,Zeze Steven,Sessegnon,Sessegnon,342888
209036,Marc,Guéhi,Guéhi,374631
209037,Zech,Medley,Medley,365239
209040,Timothy,Eyoma,Eyoma,365588
209041,Angel,Gomes,Angel,338497
209042,Oliver,Skipp,Skipp,364215
209043,Nya,Kirby,Kirby,353696
209045,Taylor,Richards,Richards,369230
209046,Callum,Hudson-Odoi,Hudson-Odoi,350088
209212,Thomas,Edwards,Edwards,333311
209243,Jadon,Sancho,Sancho,346300
209244,Phil,Foden,Foden,331254
209288,Tom,McGill,McGill,391266
209289,Emile,Smith Rowe,Smith Rowe,363686
209293,Daiki,Hashioka,Hashioka,411101
209353,Patrick,Cutrone,Cutrone,329681
209362,Bernardo,Fernandes Da Silva Junior,Bernardo,302588
209365,Matthijs,de Ligt,De Ligt,320374
209400,Daichi,Kamada,Kamada,344166
209411,Joe,Tupper,Tupper,369071
209413,Jordi,Osei-Tutu,Osei-Tutu,347048
209418,Tobi,Omole,Omole,425052
209419,Max,Melbourne,Melbourne,349444
209420,Joy,Mukena,Mukena,351777
209925,Xande,Nascimento da Costa Silva,Xande Silva,323096
210156,Taiwo,Awoniyi,Awoniyi,281049
210207,Fousseni,Diabaté,Diabaté,332135
210237,Marko,Grujic,Grujic,244779
210407,Matheus,Pereira,Pereira,297389
210462,Ibrahim,Sangaré,Sangaré,328075
210494,Nayef,Aguerd,N.Aguerd,362434
211975,Manuel,Akanji,Akanji,297390
212314,Saša,Lukić,Lukić,297395
212319,Richarlison,de Andrade,Richarlison,317804
212325,Pierre,Lees-Melou,Lees-Melou,301243
212701,Denis,Zakaria,Zakaria,252419
212721,Lyanco,Silveira Neves Vojnovic,Lyanco,284115
212723,Milot,Rashica,Rashica,289014
213056,Tudor,Baluta,Baluta,363200
213198,Christopher,Nkunku,Nkunku,300945
213280,Jake,Eastwood,Eastwood,342494
213345,Wesley,Moraes Ferreira da Silva,Wesley,328362
213384,Josh,Clackstone,Clackstone,322595
213405,Filip,Benkovic,Benkovic,296451
213482,Yan,Valery,Valery,323791
213687,Charlie,Goode,Goode,283345
213999,Edson,Álvarez Velázquez,Álvarez,322696
214048,Maximilian,Kilman,Kilman,368310
214225,Joe,Rodon,Rodon,302312
214285,Konstantinos,Tsimikas,Tsimikas,301455
214466,Will,Smallbone,Smallbone,390036
214470,Jake,Vokins,Vokins,386857
214572,Brandon,Austin,Austin,386134
214590,Aaron,Wan-Bissaka,Wan-Bissaka,331924
214964,George,Edmundson,Edmundson,287300
215059,Robert,Lynch Sánchez,Sánchez,362151
215062,Max,Sanders,Sanders,354539
215066,Alex,Cochrane,Cochrane,382374
215136,Neco,Williams,N.Williams,386969
215379,Elliot,Anderson,Anderson,402596
215407,Alfie,Lewis,Lewis,320684
215409,Cameron,John,John,369508
215413,Kiernan,Dewsbury-Hall,Dewsbury-Hall,391256
215439,Tomáš,Souček,Souček,143595
215457,Kane,Wilson,Wilson,319889
215460,Ian,Poveda-Ocampo,Poveda,369229
215476,Joshua,Sargent,Sargent,367480
215531,Ionuț,Radu,Radu,296723
215610,Marcel,Lavinier,Lavinier,410514
215711,Leon,Bailey,Bailey,327682
215885,Michael,Phillips,Phillips,331515
216051,Diogo,Dalot Teixeira,Dalot,353418
216054,Rúben,Nascimento Vinagre,Vinagre,342863
216055,Florentino Ibrain,Morris Luís,Florentino,369712
216058,Domingos,Quina,Quina,331582
216094,Jeremie,Frimpong,Frimpong,392644
216183,Brahim,Diaz,Diaz,317541
216208,Matija,Šarkić,Šarkić,331107
216554,Sam,Hughes,Hughes,357025
216616,Dara,O'Shea,O'Shea,362826
216620,Marcus,Forss,Forss,362215
216646,Yoane,Wissa,Wissa,296240
217331,Sam,Surridge,Surridge,296870
217401,Josh,Benson,Benson,369466
217487,Mbwana Ally,Samatta,Samatta,327685
217593,Pablo,Fornals Malla,P.Fornals,297203
217989,Rafael,Camacho,Camacho,355358
218023,Jimmy,Dunne,Dunne,366743
218031,Çaglar,Söyüncü,Söyüncü,317998
218112,Jason,Lokilo,Lokilo,343270
218218,Wout,Faes,Faes,299693
218328,Samuel,Chukwueze,Chukwueze,363665
218364,Borna,Sosa,Sosa,270829
218430,Gonzalo,Montiel,G.Montiel,316883
218997,Ellis,Simms,Simms,396483
219002,Dodi,Lukebakio,Lukebakio,299490
219168,Alexander,Isak,Isak,299254
219249,Matt,O'Riley,O'Riley,342889
219265,Felix,Nmecha,Nmecha,367783
219279,Sugawara,Yukinari,Sugawara,379783
219291,Claudio,Gomes,Gomes,361434
219352,Ademola,Lookman,Lookman,299451
219727,Joel,Asoro,Asoro,322652
219847,Kai,Havertz,Havertz,326413
219924,Issa,Diop,Diop,300359
219937,Rhys,Williams,R.Williams,401782
219961,Raphael,Dias Belloli,Raphinha,300447
220037,Bailey,Peacock-Farrell,Peacock-Farrell,300567
220087,Maximilian,Wöber,Wöber,301024
220166,Marc,Navarro,Navarro,280157
220237,Sven,Botman,Botman,379732
220307,Arnaut,Danjuma Groeneveld,Danjuma,323625
220362,Axel,Disasi,Disasi,300426
220394,Tommy,Doyle,Doyle,386856
220566,Rodrigo 'Rodri',Hernandez Cascante,Rodrigo,303139
220583,Luke,Woolfenden,Woolfenden,356599
220585,Flynn,Downes,Downes,337428
220598,Michael,Obafemi,Obafemi,351355
220627,James,Justin,Justin,301441
220650,Thibaud,Verlinden,Verlinden,329842
220682,Arthur,Okonkwo,Okonkwo,411834
220684,Aji,Alese,Alese,383538
220686,Bali,Mumba,Mumba,356473
220688,Mason,Greenwood,Greenwood,367782
220693,Rayhaan,Tulloch,Tulloch,349750
220695,Paris,Maghoma,Maghoma,399525
220738,Jayson,Molumby,Molumby,344324
221239,Keinan,Davis,Davis,303107
221245,Levi,Lumeka,Lumeka,345336
221267,Josh,Tymon,Tymon,303743
221268,Ben,Hinchcliffe,Hinchcliffe,323442
221271,Ben,Wynter,Wynter,333888
221272,Sam,Woods,Woods,362820
221275,Luke,Dreher,Dreher,316536
221286,Charlie,Rowan,Rowan,332410
221389,John Victor,Maciel Furtado,John,318689
221399,Jack,Harrison,Harrison,317896
221466,Marcos,Senesi Barón,Senesi,328330
221568,Daniel,Kemp,Kemp,338500
221610,Jamie,Shackleton,Shackleton,361787
221632,Cristian,Romero,Romero,323663
221820,Lisandro,Martínez,Martinez,340105
222017,Conor,Coventry,Coventry,364018
222018,Ben,Johnson,Johnson,349484
222434,Jack,Simpson,Simpson,302862
222531,Morgan,Gibbs-White,Gibbs-White,332867
222564,Francisco,Machado Mota de Castro Trincão,Trincão,368409
222625,George,Hirst,Hirst,317547
222627,João,Neves Virgínia,J.Virginia,362852
222677,Tahith,Chong,Chong,365244
222683,Justin,Kluivert,Kluivert,331579
222690,Tyrell,Malacia,Malacia,345303
222694,Pascal,Struijk,Struijk,355609
222786,Panagiotis,Retsos,Retsos,302402
223081,Kristoffer,Klaesson,Klaesson,335718
223094,Erling,Haaland,Haaland,315227
223175,Matthew,Longstaff,M.Longstaff,382434
223332,Faustino,Anjorin,Anjorin,384133
223335,Sylvester,Jasper,Jasper,390213
223336,Dan,Neil,Neil,399427
223337,Jamie,Bowden,Bowden,410513
223340,Bukayo,Saka,Saka,367185
223349,Indiana,Vassilev,Vassilev,390215
223434,Igor Julio,dos Santos de Paulo,Igor,382241
223541,Federico,Chiesa,Chiesa,322971
223723,Tomiyasu,Takehiro,Tomiyasu,377283
223824,Reece,Hannam,Hannam,411070
223827,Daniel,Ballard,Ballard,371761
223911,Chris,Mepham,Mepham,342842
224024,Lucas,Tolentino Coelho de Lima,L.Paquetá,319756
224068,Matt,Turner,Turner,319712
224117,Viktor,Gyökeres,Gyökeres,362815
224209,Rasmus,Kristensen,Kristensen,302812
224444,Ferran,Torres,Torres,349760
224860,Carlos,Soler,C.Soler,313542
224946,Matthew,Worthington,Worthington,338498
224967,Vitalii,Mykolenko,Mykolenko,345516
224995,Luis,Sinisterra Lucumí,Sinisterra,361879
225000,Dion,Sanderson,Sanderson,384128
225295,Mateus,Cardoso Lemos Martins,Tetê,387417
225321,Aaron,Ramsdale,Ramsdale,316858
225368,Meritan,Shabani,Shabani,354599
225702,Samuel,Kalu,Kalu,312705
225796,Reece,James,James,361330
225897,Fodé,Ballo-Touré,Ballo-Touré,328968
225902,Boubakary,Soumaré,B.Soumaré,345664
226029,Lasse,Sorenson,Sorenson,355133
226182,Jayden,Bogle,Bogle,354291
226597,Gabriel,dos Santos Magalhães,Gabriel,334087
226944,Boubacar,Kamara,Kamara,331790
226956,Mads,Roerslev Rasmussen,Roerslev,329554
227127,Yves,Bissouma,Bissouma,303096
227444,Nikola,Milenković,Milenković,319785
227560,Oghenekaro Peter,Etebo,Etebo,323669
228044,Mads,Bech Sørensen,Bech,346304
228286,Edouard,Mendy,Mendy,321390
228798,Cengiz,Ünder,Ünder,255071
229164,Chiedozie,Ogbene,Ogbene,352908
229384,Andy,Irving,Irving,451945
229600,Mark,Travers,Travers,362806
230001,Noussair,Mazraoui,Mazraoui,349932
230046,Douglas Luiz,Soares de Paulo,Douglas Luiz,337883
230127,Percy,Tau,Tau,229654
230251,Emmanuel,Dennis,Dennis,329811
230348,Ross,Stewart,Stewart,397143
230376,Jhon,Arias,J.Arias,424039
230428,Philippe,Sandler,Sandler,321959
231057,Jean-Ricner,Bellegarde,Bellegarde,320242
231065,Ethan,Pinnock,Pinnock,342499
231172,Brandon,Mason,Mason,332411
231372,Tanguy,Ndombélé Alvaro,Ndombele,321389
231416,Ferdi,Kadıoğlu,F.Kadıoğlu,321958
231480,Santiago,Ignacio Bueno,S.Bueno,444241
231747,Jean-Philippe,Mateta,Mateta,328096
231899,Jack,Taylor,Taylor,323713
232112,Manuel,Ugarte Ribeiro,Ugarte,408962
232185,Ismaïla,Sarr,Sarr,322670
232223,Folarin,Balogun,Balogun,384065
232228,Harry,Clarke,H.Clarke,404080
232229,Vontae,Daley-Campbell,Daley-Campbell,409879
232233,Tyreece,John-Jules,John-Jules,367184
232241,Matthew,Smith,Smith,395690
232245,Zak,Swanson,Swanson,433403
232247,Dominic,Thompson,Thompson,381114
232351,Ryan,Giles,Giles,362831
232356,Jenson,Jones,Jenson Jones,581394
232361,Taylor,Perry,Perry,384129
232391,Jeremy,Ngakia,Ngakia,390700
232398,Nathan,Trott,Trott,349485
232413,Eberechi,Eze,Eze,332403
232423,Nathan,Ferguson,Ferguson,349891
232427,Rekeem,Harper,Harper,331928
232456,Dilan,Markanday,Markanday,410796
232571,Anthony,Patterson,Patterson,382438
232620,Lewis,Brunt,Brunt,429681
232653,Jacob,Ramsey,J.Ramsey,369813
232667,Akin,Famewo,Famewo,322465
232787,Conor,Gallagher,Gallagher,375621
232792,Tariq,Lamptey,Lamptey,386979
232797,Kayne,Ramsay,Ramsay,368253
232826,Anthony,Gordon,Gordon,349669
232829,Kyle,John,John,411125
232859,Djed,Spence,Spence,362219
232881,Thakgalo,Leshabela,Leshabela,367151
232892,Calvin,Bassey,Bassey,396976
232917,Arijanet,Muric,Muric,362426
232928,James,Garner,Garner,367781
232937,Brandon,Williams,B.Williams,384143
232957,Thomas,Allan,Allan,390202
232960,Lewis,Cass,Cass,374629
232964,Lewis,Gibson,Gibson,391026
232977,Kell,Watts,Watts,374630
232979,Jack,Young,Young,396048
232980,Max,Aarons,Aarons,362103
233420,Renan Augusto,Lodi dos Santos,Renan Lodi,326646
233425,Aaron,Connolly,Connolly,344325
233489,Leighton,Clarkson,Clarkson,384123
233497,Adama,Diakhaby,Diakhaby,322750
233821,Anel,Ahmedhodžić,Ahmedhodžić,326642
233849,Archie,Mair,Mair,384632
233963,Konstantinos,Mavropanos,Mavropanos,351127
234370,Marc,Roca Junqué,Roca,323148
234483,Aiden,O'Neill,O'Neill,323097
234720,Giovanni,McGregor,McGregor,362821
234908,Juan,Foyth,Foyth,335107
235382,Steven,Alzate,Alzate,362146
235448,Ellery,Balcombe,Balcombe,329831
235449,George,Wickens,Wickens,476060
235530,Lloyd,Kelly,Kelly,332419
235546,Jacob,Sørensen,Sørensen,404572
235599,Nikola,Tavares,Tavares,374634
235640,Harry,Boyes,Boyes,416026
235674,Manor,Solomon,Solomon,345022
235826,Joël,Piroe,Piroe,369542
240143,Ibrahima,Diallo,Diallo,357101
240299,Joe,Hodge,Hodge,443578
240499,Daniel,Batty,Batty,338495
240514,Kjell,Scherpen,Scherpen,361867
240796,Álvaro,Fernández,Fernández,328315
241157,Emerson,Leite de Souza Junior,E.Royal,328512
241231,Jordan,Beyer,Jordan,353412
241289,Ben,Wilmot,Wilmot,362851
241519,Weston,McKennie,McKennie,338275
241791,Ryan,Schofield,Schofield,362817
242058,Moise,Kean,Kean,328990
242166,Mattéo,Guendouzi,Guendouzi,328983
242183,James,Morris,Morris,425565
242453,Jacob,Brown,Brown,329328
242510,Louie,Moulden,Moulden,425600
242880,Benoît,Badiashile Mukinayi,B.Badiashile,365406
242882,Bafodé,Diakité,Diakité,366875
242885,Loïc,Mbe Soh,Mbe Soh,373555
242898,Brennan,Johnson,Johnson,379688
243016,Alexis,Mac Allister,Mac Allister,345319
243298,Cody,Gakpo,Gakpo,352825
243343,Jake,Cain,Cain,391820
243345,Lewis,O'Brien,O'Brien,366083
243505,Jakub,Moder,Moder,399378
243526,Gabriel,Gudmundsson,Gudmundsson,330549
243531,Andrew,Eleftheriou,Eleftheriou,331089
243532,Dion,Pereira,Pereira,335753
243557,Moussa,Diaby,Diaby,353397
243568,Billy,Gilmour,Gilmour,381255
243571,Nathan,Patterson,Patterson,396975
243710,Bernardo,Costa Da Rosa,Rosa,390701
244042,Rodrigo,Muniz Carvalho,Muniz,403649
244085,Siriki,Dembélé,Siriki,342868
244262,Alfie,Doughty,Doughty,362246
244560,Romain,Perraud,Perraud,331466
244619,Luke,Thomas,Thomas,396317
244704,Matías,Viña,Viña,397846
244716,Juan Camilo,Hernández Suárez,Cucho,362501
244723,Tyrick,Mitchell,Mitchell,389579
244731,Luis,Díaz Marulanda,Luis Díaz,377168
244845,Nathan,Wood-Gordon,Wood,361334
244848,Teddy,Jenks,Jenks,384135
244850,Morgan,Rogers,Rogers,362824
244851,Cole,Palmer,Palmer,395692
244856,Teden,Mengi,Mengi,388671
244858,Fábio,Freitas Gouveia Carvalho,Carvalho,401385
244930,Alex,Mighten,Mighten,381101
244932,Ben,Knight,Knight,421976
244954,Pau,Torres,Pau,344259
245414,Nicolò,Zaniolo,Zaniolo,332398
245419,Patson,Daka,Daka,345560
245719,Taylor,Harwood-Bellis,Harwood-Bellis,384061
245824,Carlos Vinícius,Alves Morais,Vinicius,363077
245923,Luke,Cundle,Cundle,384130
246301,Jorge,Cuenca Barreno,J.Cuenca,333182
246878,Abdelhamid,Sabiri,Sabiri,333255
247245,Hannes,Delcroix,Delcroix,367189
247286,Kyle,Jameson,Jameson,351683
247348,Daniel,Muñoz Mejía,Muñoz,400496
247412,Jørgen,Strand Larsen,Strand Larsen,333048
247632,Pedro,Lomba Neto,Neto,337916
247664,Terry,Ablade,Ablade,426328
247670,Valentín,Castellanos,Taty,361406
247693,Randal,Kolo Muani,Kolo Muani,333542
247955,Lutsharel,Geertruida,Geertruida,345441
248056,Tanaka,Ao,Tanaka,423347
248164,Viljami,Sinisalo,Sinisalo,406444
248853,Dynel,Simeu,Simeu,397467
248854,Josh,Brooking,Brooking,467970
248857,Noni,Madueke,Madueke,389935
248859,Amadou,Diallo,Diallo,444998
248865,Armstrong,Oko-Flex,Oko-Flex,409111
248875,Jérémy,Doku,Doku,388098
248937,Sam,Greenwood,Greenwood,409078
249231,Keane,Lewis-Potter,Lewis-Potter,368512
250199,Nicolás,Domínguez,Dominguez,334653
250370,Nathan,Bishop,Bishop,362214
250604,Owen,Otasowie,Otasowie,388673
421796,Sidnei,Tavares,Tavares,410174
422287,Kofi,Balmer,Balmer,403113
422303,John,McAtee,McAtee,381124
422306,Will,Ferry,Ferry,395960
422612,Ryan,Astley,Astley,411124
423649,Enock,Mwepu,Mwepu,353191
424001,Vini,de Souza Costa,Vini Souza,373964
424044,Hamed,Traorè,H.Traorè,362551
424876,Dominik,Szoboszlai,Szoboszlai,369875
427420,Giovanni,Reyna,Reyna,389087
427623,Chris,Richards,Richards,395401
427637,Brenden,Aaronson,Aaronson,371012
428399,João,Félix Sequeira,João Félix,362431
428580,Frank,Onyeka,Onyeka,404109
428610,Bruno,Cavaco Jordão,Jordão,346000
428626,Przemyslaw,Placheta,Placheta,377190
428971,Steven,Benda,Benda,362371
429414,Saša,Kalajdžić,Kalajdžić,377271
430367,Joel,Mumbongo,Mumbongo,341419
430871,Matheus,Santos Carneiro da Cunha,Cunha,362758
430992,Owen,Beck,Beck,424814
431019,Karlo,Ziger,Ziger,404602
431131,Moussa,Djenepo,Djenepo,363676
431248,Ladislav,Krejcí,Krejčí,404245
431639,Zian,Flemming,Flemming,361694
431774,Kyle,Taylor,Taylor,351320
431924,Daniel,Adshead,Adshead,344381
432160,Shandon,Baptiste,Baptiste,362124
432422,Sandro,Tonali,Tonali,343501
432656,Eric,Garcia,Garcia,368091
432705,James,Daly,Daly,355373
432711,CJ,Egan-Riley,Egan-Riley,425574
432712,Owen,Hesketh,Hesketh,484870
432714,James,McAtee,McAtee,425576
432720,James,Trafford,Trafford,404852
432735,Adam,Idah,Idah,382368
432793,Abd-Al-Ali Morakinyo Olaposi,Koiki,Koiki,368210
432830,Nathan,Collins,Collins,372724
432927,Daniel,Langley,Langley,408004
432931,Tyrese,Francois,Francois,382367
432987,Vítezslav,Jaros,Jaros,391831
432990,Yasser,Larouci,Larouci,386971
433019,Liam,Hughes,Hughes,409388
433036,Tijjani,Reijnders,Reijnders,343382
433138,Marc,Leonard,Leonard,423719
433154,Dwight,McNeil,McNeil,357427
433312,Marshall,Munetsi,Munetsi,377411
433589,Haydon,Roberts,Roberts,382375
433590,Cody,Drameh,Drameh,414473
433952,Largie,Ramazani,Ramazani,447229
433979,Cameron,Archer,Archer,382363
434024,Patrik,Gunnarsson,Gunnarsson,370992
434043,Alex,Robertson,Robertson,421238
434044,Cieran,Slicker,Slicker,425320
434399,Reinildo,Mandava,Reinildo,361812
434662,Halil,Dervişoğlu,Dervişoğlu,357083
434752,Jaka,Bijol,Bijol,360941
435973,Lyle,Foster,Foster,371447
435997,Noah,Okafor,Okafor,376090
436234,Bryan,Gil Salvatierra,Bryan,368519
436416,Christos,Mandas,Mandas,418171
436680,Jakub,Stolarczyk,Stolarczyk,407587
436893,Julián,Araujo Zúñiga,J.Araujo,371039
437468,Sergio,Gómez,Sergio Gómez,355110
437495,Illan,Meslier,Meslier,380580
437499,Maxence,Lacroix,Lacroix,401130
437505,Wilson,Isidor,Isidor,363535
437626,Nuno,Varela Tavares,Tavares,379790
437688,Lewis,Richards,Richards,386974
437730,Antoine,Semenyo,Semenyo,357073
437738,Sebastiaan,Bornauw,Bornauw,364235
437742,Albert,Sambi Lokonga,Sambi,349102
437748,Mike,Trésor Ndayishimiye,Trésor,383581
437753,Giulian,Biancone,Biancone,367162
437757,Han-Noah,Massengo,Massengo,365831
437858,Vitor,Ferreira,Vitinha,384887
438098,Fábio,Ferreira Vieira,Fábio Vieira,394924
438234,Omar,Marmoush,Marmoush,394749
438277,Ozan,Kabak,Kabak,356743
438405,Billy,Crellin,Crellin,381103
438464,Cheick,Doucouré,Doucouré,374993
439135,Eiran,Cashin,Cashin,414168
439242,Taylor,Gardner-Hickman,Gardner-Hickman,415368
439482,Miguel,Azeez,Azeez,407112
439483,Hubert,Graczyk,Graczyk,467915
439485,Josh,Martin,Martin,391268
439509,Christos,Tzolis,Tzolis,399296
439510,Luke,Mbete-Tabu,Mbete,408822
440089,Mikkel,Damsgaard,Damsgaard,401168
440113,Aaron,Rowe,Rowe,371276
440120,Daniel,Chesters,Chesters,426831
440123,James,Furlong,Furlong,423723
440148,Tyler,Morton,Morton,425568
440241,Jensen,Weir,Weir,362189
440323,Armando,Broja,Broja,393407
440854,Jakub,Kiwior,Kiwior,424462
440993,Iliman,Ndiaye,Ndiaye,366116
441024,Harrison,Ashby,Ashby,400604
441164,Pedro,Porro Sauceda,Pedro Porro,362352
441191,Tino,Livramento,Livramento,415174
441192,Jeremy,Sarmiento Morante,Sarmiento,425603
441240,Romain,Faivre,Faivre,349368
441264,Brian,Brobbey,Brobbey,404568
441266,Ryan,Gravenberch,Gravenberch,363884
441271,Ki-Jana,Hoever,Hoever,368547
441302,Ian,Maatsen,Maatsen,384134
441428,Jarell,Quansah,Quansah,430019
441455,Victor,da Silva,Vitinho,349504
442229,Michał,Karbownik,Karbownik,399379
442335,Edo,Kayembe,Kayembe,363718
443211,Rhys,Norrington-Davies,Norrington-Davies,361752
443261,Jack,Clarke,J.Clarke,363516
443296,Theo,Corbeanu,Corbeanu,408423
443629,Marcelo,de Araújo Pitaluga Filho,Pitaluga,389027
443661,Michael,Olise,Olise,371281
443967,Junior,Firpo Adames,Firpo,351252
444102,Francisco Evanilson,de Lima Barbosa,Evanilson,384430
444145,Gabriel,Martinelli Silva,Martinelli,380706
444172,Will,Dennis,Dennis,384131
444180,Jaidon,Anthony,Anthony,400610
444181,Nnamdi,Ofoborh,Ofoborh,362807
444183,Gavin,Kilkenny,Kilkenny,382442
444253,Jordan,Thomas,Thomas,395835
444463,Wesley,Fofana,Fofana,373946
444575,Toby,King,King,416042
444765,Sepp,van den Berg,Van den Berg,351705
444880,Mika,Biereth,Biereth,430909
444884,Harvey,Elliott,Elliott,363982
445044,Dejan,Kulusevski,Kulusevski,355855
445122,Jurriën,Timber,J.Timber,388650
445548,Odeluga,Offiah,Offiah,423721
445550,Thomas,Dickson-Peters,Dickson-Peters,406950
445896,Kgaogelo,Chauke,Chauke,408859
446008,Bryan,Mbeumo,Mbeumo,353377
446189,Matej,Kovár,Kovár,388668
446281,Tony,Springett,Springett,435986
447093,Allan,Tchaptchet,Tchaptchet,409246
447107,Ethan,Wady,Wady,460643
447203,Darwin,Núñez Ribeiro,Darwin,400828
447235,Troy,Parrott,Parrott,384064
447261,Mackenzie,Hunt,Hunt,450748
447325,Harry,Tyrer,Tyrer,410179
447372,Ryan,Finnigan,Finnigan,409323
447373,Shane,Flynn,Flynn,407586
447715,Aaron,Ramsey,A.Ramsey,423732
447720,Imari,Samuels,Samuels,399475
447879,Joseph,Anang,Anang,390006
447880,Josh,Wilson-Esbrand,Wilson-Esbrand,425406
447932,Jordan,Zemura,Zemura,400609
448047,Enzo,Fernández,Enzo,369430
448089,João Victor,Gomes da Silva,J.Gomes,403693
448104,Piero,Hincapié,Hincapie,404832
448482,Robert,Street,Street,422721
448487,Andreas,Söndergaard,Söndergaard,389362
448496,Ed,Turns,Turns,425602
448514,Rayan,Aït-Nouri,Aït-Nouri,355401
448791,Harvey,White,White,395511
449027,Giorgi,Mamardashvili,Mamardashvili,401633
449133,Harvey,Griffiths,Griffiths,443579
449429,Jacob,Greaves,Greaves,381161
449434,Anthony,Elanga,Elanga,413211
449444,Mazeed,Ogungbo,Ogungbo,436287
449781,Alexandre,Jankewitz,Jankewitz,395769
449871,Amadou,Onana,Onana,400815
449926,Adrián,Bernabé,Bernabé,363978
449974,Lukas,Jensen,Jensen,395617
449988,Fábio,Soares Silva,Fábio Silva,380655
450070,Crysencio,Summerville,Summerville,382564
450197,George,Shelvey,G.Shelvey,390265
450314,Matthew,Daly,Daly,370989
450434,Deniz,Undav,Undav,357091
450527,Mohammed,Salisu,Salisu,362357
450529,Lewis,Bate,Bate,396114
450535,Malcolm,Ebiowei,Ebiowei,431867
450539,Myles,Peart-Harris,Peart-Harris,423730
450541,Luke,Plange,Plange,429310
450542,Jesurun,Rak-Sakyi,J.Rak-Sakyi,413291
450544,Charlie,Patino,Patino,430270
450550,Fin,Stevens,Stevens,399526
450553,Alex,Kirk,Kirk,437776
451302,Altay,Bayındır,Bayindir,361707
451310,Jonathan,Tomkinson,Tomkinson,429651
451340,Mitoma,Kaoru,Mitoma,425142
454667,Jens,Cajuste,Cajuste,404108
455084,Leif,Davis,Davis,366211
456350,Gavin,Bazunu,Bazunu,384868
456512,Dan,Ndoye,Ndoye,398414
456966,Caleb,Watts,Watts,409245
457569,Đorđe,Petrović,Petrović,406564
458249,Joshua,Zirkzee,Zirkzee,383956
458297,Pierre,Ekwah Elimby,Ekwah,431184
459373,Gonçalo Bento,Soares Cardoso,Cardoso,363057
460028,Levi,Samuels Colwill,Colwill,421351
460029,Nathan,Young-Coombes,Young-Coombes,429388
460842,Mohammed,Kudus,Kudus,400166
461012,Cameron,Plain,Plain,462130
461013,Euan,Pollock,Pollock,471873
461017,Christian,Saydee,Saydee,388716
461023,Ryan,Alebiosu,Alebiosu,431521
461025,Nathan,Butler-Oyedeji,Butler-Oyedeji,467919
461026,Chem,Campbell,Campbell,386973
461080,Joseph,McGlynn,McGlynn,430746
461096,Lewis,Richardson,Richardson,382437
461102,Bobby,Thomas,Thomas,395615
461188,Bashir,Humphreys,Humphreys,467968
461195,Dennis,Cirkin,Cirkin,390876
461199,Romaine,Mundle,Mundle,450254
461201,Matthew,Craig,Craig,437758
461212,Nile,John,John,410795
461358,Julián,Álvarez,J.Alvarez,365409
461382,John-Kymani,Gordon,Gordon,396485
461416,Tom,Cannon,Cannon,463991
461421,Lewis,Dobbin,Dobbin,425711
461446,Tyler,Onyango,Onyango,409497
461450,Max,Thompson,Thompson,395616
461453,Lewis,Warrington,Warrington,432082
461484,Joe,White,White,425059
461508,Lucas,De Bolle,De Bolle,432569
461529,Charlie,Savage,Savage,429512
461533,Ademipo,Odubeko,Odubeko,409116
461537,Dermot,Mee,Mee,439471
461548,Zidane,Iqbal,Iqbal,429514
461558,Maxwell,Haygarth,Haygarth,408006
461566,William,Fish,Fish,413631
461567,Owen,Dodgson,Dodgson,423378
461584,Wanya,Marçal-Madivádua,Marcal,427133
461585,Tawanda,Maswanhise,Maswanhise,415595
461587,Kasey,McAteer,McAteer,429531
461682,Brandon,Aguilera Zamora,B.Aguilera,447270
462116,Jean-Clair,Todibo,Todibo,361710
462381,Filip,Marschall,Marschall,429724
462384,Jamal,Baptiste,Baptiste,409114
462387,Ali,Al-Hamadi,Al-Hamadi,429636
462424,William,Saliba,Saliba,361822
462438,Micah,Hamilton,Hamilton,450769
462491,Luke,Chambers,Chambers,444539
462492,Joe,Gauci,Gauci,476543
462635,Joe,Gelhardt,Gelhardt,362192
462831,Scott,Banks,Banks,422722
463034,Liam,Delap,Delap,401254
463067,Georginio,Rutter,Georginio,362433
463210,Shea,Charles,Charles,428060
463212,Carlos Roberto,Forbs Borges,Forbs,468850
463748,Karl,Hein,Hein,399501
463903,Jesper,Lindstrøm,Lindstrøm,403646
463912,Elia,Caprile,Caprile,362780
463936,Jamie,Bynoe-Gittens,Gittens,436425
463981,James,Hill,Hill,362837
464353,Harvey,Davies,Davies,411519
464618,Liam,McCarron,McCarron,366056
465247,Senne,Lammens,Lammens,402184
465299,Anthony,Mancini,Mancini,363847
465351,Matheus,Nunes,Matheus N.,394933
465390,Kaine,Kesler-Hayden,Kesler-Hayden,411201
465527,Hannibal,Mejbri,Hannibal,416207
465551,Nigel,Lonwijk,Lonwijk,409128
465572,Reda,Khadra,Khadra,409093
465607,Anssumane,Fati Vieira,Ansu Fati,382234
465642,Malick,Thiaw,Thiaw,393355
465680,Arnaud,Kalimuendo,Kalimuendo,384005
465694,Nico,González Iglesias,N.Gonzalez,422939
465730,Maxim,De Cuyper,De Cuyper,392647
465920,Mykhailo,Mudryk,Mudryk,409376
466052,Rayan,Cherki,Cherki,386153
466075,Riccardo,Calafiori,Calafiori,386519
466117,Naouirou,Ahamada,Ahamada,409440
466404,Andrew,Omobamidele,Omobamidele,399490
466525,Anton,Stach,Stach,401073
466955,Brandon,Pierrick,Pierrick,389912
467114,Oliver,Casey,Casey,389078
467169,Antony,dos Santos,Antony,364315
467189,Mads,Hermansen,Hermansen,409426
467779,Mats,Wieffer,Wieffer,445059
468243,Kamil,Conteh,Conteh,430392
469130,Lorenzo,Lucca,Lucca,424819
469142,Jan Paul,van Hecke,Van Hecke,365402
469247,Samuel,Iling-Junior,Iling Jr,438894
469249,Nohan,Kenneh,Kenneh,425381
469272,Loum,Tchaouna,Tchaouna,425118
470255,Caleb,Taylor,Taylor,415367
470294,Darko,Gyabi,Gyabi,443569
470296,Jeremiah,Chilokoa-Mullen,Chilokoa-Mullen,474334
470313,Nick,Woltemade,Woltemade,386606
470315,Luca,Netz,Netz,394888
471471,Imrân,Louza,Louza,367217
471798,Gabriel,Słonina,Slonina,396247
471848,Femi,Seriki,Seriki,416027
472464,Shola,Shoretire,Shoretire,410512
472713,Aaron,Hickey,Hickey,402367
472739,Carl,Rushworth,Rushworth,421944
472769,Nico,O'Reilly,O'Reilly,468847
473341,Caleb,Okoli,Okoli,368312
473342,Stuart,McKinstry,McKinstry,425382
474003,Leonardo,Campana,Campana,392650
474120,Julio,Enciso Espínola,Enciso,417747
474772,Ben,Greenwood,Greenwood,450534
474803,Eddie,Beach,Beach,467967
474907,Reece,Welch,Welch,413423
474908,Jadan,Raymond,Raymond,484871
475123,Carlos Miguel,dos Santos Pereira,C.Miguel,442459
475168,João Pedro,Junqueira de Jesus,João Pedro,373525
475480,Benicio,Baker-Boaitey,Baker-Boaitey,492543
475492,Oliver,Hammond,Hammond,423729
476161,Lewis,Payne,Payne,454752
476344,Jhon,Durán,Duran,433517
476369,Issa,Kaboré,Kaboré,399955
476502,Boubacar,Traoré,B.Traore,386612
476887,Dilane,Bakwa,Bakwa,402130
476888,Sékou,Mara,Mara,402855
476938,Ismaila,Coulibaly,Coulibaly,372400
477064,Rico,Lewis,Lewis,444791
477386,Armel,Bella-Kotchap,Bella-Kotchap,369970
477424,Joško,Gvardiol,Gvardiol,402664
477547,Leo Fuhr,Hjelde,Hjelde,409110
477555,Oscar,Bobb,Bobb,430709
477580,Illia,Zabarnyi,Zabarnyi,399826
477717,Maxime,Estève,Estève,414233
477733,Radek,Vítek,Vítek,456623
478028,Kayky da Silva,Chagas,Kayky,416803
478227,Stefan,Parkes,Parkes,459061
478449,Kyron,Gordon,Gordon,409014
478912,Carney,Chukwuemeka,Chukwuemeka,410639
478969,Hjalmar,Ekdal,Ekdal,399619
479641,Sebastian,Revan,Revan,427614
479683,Marcus,Oliveira Alencar,Marquinhos,419077
480216,Mateusz,Bogusz,Bogusz,373457
480455,Jarrad,Branthwaite,Branthwaite,381045
480818,Billy,Koumetio,Koumetio,386970
481283,James,Wright,Wright,478019
481371,Zak,Brunt,Brunt,400732
481405,Mads,Bidstrup,Bidstrup,410457
481510,Victor,Kristiansen,Kristiansen,416970
481624,Jaden,Philogene,Jaden,411335
481626,Christian,Marques,Marques,397328
481655,Martín,Zubimendi Ibáñez,Zubimendi,372424
482158,Lucas,Bergström,Bergström,424586
482442,Pape Matar,Sarr,P.M.Sarr,403859
482609,Malo,Gusto,Gusto,403850
482769,Máximo,Perrone,Perrone,433972
482973,Igor Jesus,Maciel da Cruz,Igor Jesus,397497
483081,Rodrigo,Martins Gomes,R.Gomes,402823
483364,Krisztián,Hegyi,Hegyi,424270
483365,Jonathan,Rowe,Rowe,429723
483398,Matthew,Whittingham,Whittingham,510857
484420,Enzo,Le Fée,E.Le Fée,398393
485047,Felipe,Rodrigues da Silva,Morato,376916
485055,Antonín,Kinský,Kinsky,457006
485337,Evann,Guessand,Guessand,382587
485711,Benjamin,Sesko,Šeško,424191
486385,Norberto Bercique,Gomes Betuncal,Beto,380546
486520,Ilia,Gruev,Gruev,382590
486623,Sean,McAllister,McAllister,482358
486672,Moisés,Caicedo Corozo,Caicedo,410175
486870,Frederik,Alves,Alves,409115
487053,Destiny,Udogie,Udogie,401044
487117,Evan,Ferguson,Ferguson,423720
487676,Trai,Hume,Hume,424514
487693,Devan,Tanton,Tanton,507719
487702,Luca,Koleosho,Koleosho,438959
487818,Joe,Whitworth,Whitworth,454492
487828,Omari,Forson,Forson,491385
487835,Benjamin,Chrisene,Chrisene,381144
487836,Antwoine,Hackford,Hackford,408769
487837,Divin,Mubama,Mubama,454820
487838,Lewis,Hall,Hall,430294
487968,Ameen,Al-Dakhil,Al-Dakhil,419917
488024,Yéremy,Pino Santos,Yeremy,403865
488213,Tolu,Arokodare,Tolu,402056
488404,Facundo,Pellistri Rebollo,Pellistri,404086
488439,Woyo,Coulibaly,Coulibaly,447492
489580,Calvin,Ramsay,Ramsay,403764
489639,Bart,Verbruggen,Verbruggen,400138
489706,Justin,Devenny,Devenny,450950
489888,Amine,Adli,Adli,389409
490094,Tim,Iroegbunam,Iroegbunam,416208
490095,Ty,Barnett,Barnett,512928
490098,Kaine,Hayden,Hayden,396316
490138,Jakub,Ojrzynski,Ojrzynski,411099
490142,Freddie,Potts,Potts,429534
490145,Dane,Scarlett,Scarlett,407154
490146,Jay,Stansfield,Stansfield,390214
490150,Michael,Ndiweni,Ndiweni,495904
490161,Abu,Kamara,Kamara,435987
490503,Samuel,Edozie,Edozie,421974
490721,Hugo,Bueno López,H.Bueno,409730
490881,Toby,Collyer,Collyer,491384
490885,George,Earthy,Earthy,491564
490887,Zach,Awe,Awe,432338
491007,Dário,Luís Essugo,D.Essugo,411914
491008,Diogo,Pinheiro Monteiro,Monteiro,474333
491011,Diego Manuel Jadon,da Silva Moreira,Diego Moreira,438349
491012,Youssef,Ramalho Chermiti,Y.Chermiti,447229
491279,Micky,van de Ven,Van de Ven,425229
491501,James,McConnell,McConnell,492375
491551,Thierry,Small,Small,409496
491556,Charlie,Whitaker,Whitaker,425969
491557,Jenson,Metcalfe,Metcalfe,512228
491559,Isaac,Price,Price,413424
491598,Cameron,Peupion,Peupion,454792
491745,Elijah,Campbell,Campbell,512227
491785,Harvey,Vale,Vale,427102
491970,Bobby,Clark,Clark,450021
492066,Niall,Huggins,Huggins,383320
492373,Charlie,Cresswell,Cresswell,400646
492374,Jack,Jenkins,Jenkins,405475
492776,Dexter,Lembikisa,Lembikisa,430871
492777,Conor,Bradley,Bradley,424945
492779,Yago,de Santiago Alonso,Yago Santiago,468089
492831,Zeki,Amdouni,Amdouni,424624
492859,Wilfried,Gnonto,Gnonto,439636
493105,Alejandro,Garnacho Ferreyra,Garnacho,437022
493121,Roshaun,Mathurin,Mathurin,520826
493125,Radu,Drăgușin,Dragusin,400097
493250,Amad,Diallo,Amad,386634
493362,Xavi,Simons,Xavi,399772
493736,Jimmy,Morgan,Morgan,464283
493928,Marcelo,Flores,Flores,436286
493934,Kwadwo,Baah,Baah,384353
494041,Ethan,Brierley,Brierley,388487
494307,Max,Alleyne,Alleyne,468845
494521,Adrien,Truffert,Truffert,398301
494541,Kamari,Doyle,Doyle,475756
494543,Dominic,Ballard,Ballard,454751
494551,Jayden,Moore,Moore,538254
494595,Florian,Wirtz,Wirtz,394786
494779,Albert,Grønbæk,Grønbæk,424809
494960,Quilindschy,Hartman,Hartman,444739
495024,Jay,Robinson,Jay Robinson,538255
495542,Niels,Nkounkou,Nkounkou,386262
496178,Roman,Dixon,Dixon,535878
496179,Alfie,Devine,Devine,409089
496185,Kaide,Gordon,Gordon,408662
496208,Ben,Gannon-Doak,Gannon-Doak,430350
496221,Adam,Wharton,Wharton,430774
496222,Zak,Sturge,Sturge,498687
496228,Sonny,Perkins,Perkins,428688
496279,Isaac,Heath,Heath,552418
496283,Mahamadou,Susoho,Susoho,449161
496661,Tyler,Dibling,Dibling,438067
496683,Max,Kinsey,Kinsey,473163
497605,Liam,Gibbs,Gibbs,407261
497606,Tawanda,Chirewa,Chirewa,437381
497894,Rasmus,Højlund,Højlund,439584
497949,David,Møller Wolfe,Møller Wolfe,415341
498016,Robin,Roefs,Roefs,422814
498046,Salah-Eddine,Oulad M'hand,Oulad M'hand,427103
499167,Josh,Nichols,Nichols,534236
499169,Myles,Lewis-Skelly,Lewis-Skelly,467918
499175,Ethan,Nwaneri,Nwaneri,456771
499300,Adam,Aznou,Aznou,513607
499309,Marc,Guiu Paz,Marc Guiu,483208
499604,Rayan Vitor,Simplício Rocha,Rayan,472122
499716,James,Rowswell,Rowswell,572656
499717,Jayden,Meghoma,Meghoma,496356
499721,Mikey,Moore,Moore,526481
499724,Samuel,Amo-Ameyaw,Amo-Ameyaw,482895
499726,Callum,Olusesi,Olusesi,545661
499857,Teddy,Sharman-Lowe,Sharman-Lowe,389093
500016,Welington Damascena,Santos,Welington,389158
500040,Cristhian,Mosquera,Mosquera,425591
500052,Luca,Barrington,Barrington,511059
500058,Jayden,Danns,Danns,517340
500151,Nicolò,Savona,Savona,450289
500267,Loïc,Badé,Badé,398416
500926,Ronnie,Edwards,Edwards,405526
501284,Michael,Olakigbe,Olakigbe,477987
501468,Tayo,Adaramola,Adaramola,432086
501620,Dante,Cassanova,Cassanova,476828
501770,Ben,Nelson,Nelson,407585
501837,Yerson,Mosquera Valdelamar,Mosquera,425060
502222,Ramón,Sosa,Sosa,432672
502500,Igor Thiago,Nascimento Rodrigues,Thiago,443784
502697,Carlos,Alcaraz Durán,Alcaraz,391348
502988,Danny,Imray,Imray,518796
503139,Alex,Scott,Scott,410998
503300,Matthew,Cox,Cox,399935
503301,Omari,Hutchinson,Hutchinson,430908
503308,James,Sweet,Sweet,504127
503714,Lesley,Ugochukwu,Ugochukwu,404616
503724,Lorenz,Assignon,Assignon,402874
504198,Anis,Slimane,Slimane,425353
504296,Coby,Ebere,Ebere,553206
504598,Daniel,Gore,Gore,467768
504750,Justin,Hubner,Hubner,510856
504751,Mauro,Bandeira,Bandeira,476167
504783,Kamaldeen,Sulemana,Kamaldeen,422135
505079,Alfie,McNally,McNally,605442
505187,Cesare,Casadei,Casadei,433219
505265,Cheikh,Diaby,Diaby,408808
507433,Hákon Rafn,Valdimarsson,Valdimarsson,412313
508395,Yehor,Yarmoliuk,Yarmoliuk,444304
508479,Filip,Jörgensen,Jörgensen,404749
509291,André,Trindade da Costa Neto,André,397585
509416,Yasin,Ayari,Ayari,470690
510281,Sávio,Moreira de Oliveira,Savinho,397821
510328,Stanley,Mills,Mills,444617
510362,Toti,Gomes,Toti,431283
510363,Francisco Jorge,Tomás Oliveira,Chiquinho,421894
510500,João Pedro,Ferreira da Silva,Jota,444826
510663,Hugo,Ekitiké,Ekitiké,403784
511499,Mathys,Tel,Tel,422885
511504,Kristian,Sekularac,Sekularac,454748
511783,Anass,Zaroury,Zaroury,420145
512462,Jake,O'Brien,O'Brien,424495
513046,Danilo,dos Santos de Oliveira,Danilo,399250
513418,Kevin,Schade,Schade,407260
513433,Brajan,Gruda,Gruda,471784
513466,Merlin,Röhl,Röhl,419945
513527,Bilal,El Khannouss,El Khannouss,433572
513588,Jamie,Donley,Donley,468090
513789,Thanawat,Suengchitthawon,Suengchitthawon,412836
513834,Andrew,Moran,Moran,423722
513836,Leigh,Kavanagh,Kavanagh,510737
513840,Samy,Chouchane,Chouchane,499173
513852,Kris,Moore,Moore,429923
514154,Ben,Jackson,Jackson,510510
514229,Sam,Waller,Waller,433101
514254,Diego,Gómez Amarilla,Gomez,446133
514277,Jimi,Tauriainen,Tauriainen,517600
514280,Alfie,Gilchrist,Gilchrist,467969
514284,Joe,Wormleighton,Wormleighton,443574
514287,Sil,Swinkels,Swinkels,408953
514307,Jack,Henry-Francis,Jack Henry-Francis,450742
514315,Lino,da Cruz Sousa,Sousa,450073
514356,Roméo,Lavia,Lavia,425319
514362,Temple,Ojinnaka,Ojinnaka,524089
514514,Lewis,Koumas,Koumas,492374
515023,Matthew,Dibley-Dias,Dibley-Dias,481276
515024,Luke,Harris,Harris,444538
515046,Melker,Ellborg,Ellborg,425235
515496,Owen,Goodman,Goodman,460442
515500,Rhys,Bennett,Bennett,467765
515501,Álvaro,Fernández Carreras,Fernandez,437583
515503,Jack,Wells-Morrison,Wells-Morrison,430750
515504,Joe,Hugill,Hugill,467770
515571,Juan,Larios López,Larios,455537
515597,Lamare,Bogarde,Bogarde,408946
515599,Tommi,O'Reilly,O'Reilly,433464
515621,Chadi,Riad Dnanou,Chadi Riad,454342
516159,Oliwier,Zych,Zych,408957
516234,Charlie,Gray,Gray,604494
516250,Jacob,Wright,Wright,513616
516432,Valintino,Adedokun,Adedokun,451136
516874,Charles,Sagoe,Sagoe,467920
516875,Ronnie,Hollingshead,Hollingshead,499948
516895,Kobbie,Mainoo,Mainoo,460260
516939,Emmanuel,Agbadou,Agbadou,402810
517052,Nicolas,Jackson,N.Jackson,426050
517179,Alfie,Pond,Pond,437383
517995,Leo,Castledine,Castledine,508375
517996,Ronnie,Stutter,Stutter,502566
518030,Max,Weiß,Weiss,426859
518199,Fabian,Mrozek,Mrozek,454355
518335,Max,Merrick,Merrick,515437
518438,Kaelan,Casey,Casey,463053
518442,Lewis,Orford,Orford,463054
518466,Willy,Kambwala,Kambwala,494120
518467,Marc,Jurado Gomez,Jurado,467766
518504,James,Storer,Storer,427426
518892,Ted,Curd,Curd,515222
518906,Owen,Bevan,Bevan,454743
519198,Alex,Matos,Matos,502567
519223,Sammy,Braybrooke,Braybrooke,430780
519321,Alfie,Dorrington,Dorrington,468087
519324,Amario,Cozier-Duberry,Cozier-Duberry,455840
519325,Habeeb,Ogunneye,Ogunneye,517767
519327,George,Abbott,Abbott,479809
519328,Callum,Scanlon,Scanlon,492373
519440,Wellity,Lucky,Lucky,575451
519634,Jenson,Seelt,Seelt,428694
519895,Oliver,Sonne,Sonne,444334
519913,Tyler,Fletcher,Fletcher,563778
520295,David Datro,Fofana,D.D.Fofana,410522
521966,Finley,Munroe,Munroe,515428
523700,Daniel,Jebbison,Jebbison,415163
523705,Jackson,Tchatchoua,Tchatchoua,408580
523957,Bénie,Traoré,T.Bénie,485367
524069,Dale,Taylor,Dale Taylor,428123
524070,Jamie,McDonnell,McDonnell,499044
524196,Shaqai,Forde,Forde,430781
530117,Louis,Jackson,Jackson,524188
530121,Zain,Silcott-Duberry,Silcott-Duberry,550772
530318,Kaden,Rodney,Rodney,454759
530335,Pablo Felipe,Pereira de Jesus,Pablo,409654
530873,Dara,Costelloe,Costelloe,437322
531076,Frankie,Maguire,Maguire,410176
531170,Nasser,Djiga,Djiga,450392
531363,Nathan,Fraser,Fraser,463235
531442,Abdul,Fatawu,A.Fatawu,430985
531989,David,Ozoh,Ozoh,464285
531993,Ademola,Ola-Adebomi,Ola-Adebomi,504065
531997,Henry,Cartwright,Cartwright,548148
532135,Killian,Phillips,Phillips,435533
532372,Oliver,Arblaster,Arblaster,434190
532377,Louie,Marsh,Marsh,470708
532528,Joshua,Duffus,Duffus,507295
532529,Jack,Hinshelwood,Hinshelwood,469629
532534,Will,Alves,Alves,430779
532535,Thomas,Wilson-Brown,Wilson-Brown,443570
532605,Andrey,Nascimento dos Santos,Andrey Santos,451236
533463,Dango,Ouattara,O.Dango,422183
533710,Iwan,Morgan,Morgan,533690
533719,Adrian,Blake,Blake,438303
534392,Mason,Burstow,Burstow,427632
534836,Travis,Patterson,Patterson,479792
535017,Julian,Eyestone,Eyestone,535753
535262,Reuell,Walters,Walters,450072
535264,Bradley,Ibrahim,Ibrahim,460136
535301,Carlos,Baleba,Baleba,436048
535339,Tiago,Çukur,Çukur,421921
535818,Simon,Adingra,Adingra,443004
535928,Stefan,Bajčetić Maquieira,Bajcetic,444540
536109,Ollie,Scarles,Scarles,459708
536110,Josh,Feeney,Feeney,414166
536134,Rio,Kyerematen,Kyerematen,527813
536238,Ishé,Samuels-Smith,Samuels-Smith,463992
536241,Martin,Sherif,Sherif,539925
536661,Nilson,Angulo,Angulo,443064
536677,Detlef Esapa,Osong,Osong,470712
536681,Joe,Gardner,Gardner,513614
536694,Matheus,França de Oliveira,M.França,428635
536908,Alejo,Véliz,Veliz,414269
536916,Facundo,Buonanotte,Buonanotte,432384
537403,Kadan,Young,Young,468162
538182,Jimi,Gower,Gower,534238
538206,Jordan,Amissah,Amissah,443541
538207,William,Osula,Osula,416209
538210,Andre,Brooks,Brooks,456511
539721,Ruairi,McConville,McConville,458319
541462,Matai,Akinmboni,Akinmboni,455460
543158,Valentín,Barco,Barco,419341
543295,Antoni,Milambo,Milambo,422921
544877,Milos,Kerkez,Kerkez,424273
545477,Alex,Murphy,A.Murphy,492690
545508,Joseph,O'Brien-Whitmarsh,O'Brien-Whitmarsh,538257
547027,Habib,Diarra,Diarra,422818
547037,Jack,Fletcher,J.Fletcher,533128
547410,Harrison,Jones,H.Jones,518341
547668,Axel,Piesold,Piesold,473956
547673,Charlie,Robinson,C.Robinson,454747
547676,Tyler,Fredricson,Fredricson,455860
547686,Luc,De Fougerolles,De Fougerolles,492688
547692,Samuel,Rak-Sakyi,Rak-Sakyi,544166
547693,Somto,Boniface,Boniface,558841
547701,Archie,Gray,Gray,429922
547716,Ben,Parkinson,Parkinson,492692
547719,Lewis,Miley,L.Miley,474264
547720,Charlie,Tasker,Tasker,556968
547801,Callum,Bates,Bates,545741
548308,Ashley,Phillips,Phillips,430775
549014,Noël,Atom,Atom,527328
549067,Zach,Abbott,Abbott,454750
549068,Omari,Kellyman,Kellyman,428531
549074,Tom,Watson,Watson,470715
549329,Lucas,Pires Silva,Lucas Pires,436501
549344,Sam,Curtis,Curtis,499658
549640,Michael,Golding,Golding,513544
549912,Chemsdine,Talbi,Talbi,476110
550090,Diego,Coppola,Coppola,429683
550596,Dominic,Sadi,Sadi,454746
550615,Tyrique,George,George,523597
550833,Noha,Lemina,N.Lemina,492693
550839,Wilson,Odobert,Odobert,444751
550864,Leny,Yoro,Yoro,437299
551206,Jaydon,Banel,Banel,454337
551210,Jorrel,Hato,Hato,467715
551221,Tommy,Setford,Setford,489986
551226,Mateus Gonçalo,Espanha Fernandes,M.Fernandes,447231
551230,Renato,Palma Veiga,Renato Veiga,434077
551232,Rodrigo,Duarte Ribeiro,Ribeiro,434076
551483,Álex,Jiménez Sánchez,A.Jimenez,497295
551995,Taylan,Harris,Harris,498566
552030,Aidan,Francis-Clarke,Francis-Clarke,425421
552425,Sydie,Peck,Peck,464732
552427,Will,Lankshear,Lankshear,468091
553299,Takai,Kōta,Takai,560833
553746,Leo,Shahar,Shahar,535754
554194,Jahmai,Simpson-Pusey,Simpson-Pusey,534072
554197,Chris,Rigg,Rigg,469645
554605,Dean,Huijsen,Huijsen,468852
556637,Nehemiah,Oriola,Oriola,591587
556639,Jayce,Fitzgerald,Fitzgerald,544967
559610,Luka,Bentt,Bentt,607466
559684,Jack,Moorhouse,Moorhouse,553323
559962,Jamaldeen,Jimoh-Aloba,Jimoh-Aloba,540468
559963,Kiano,Dyer,Dyer,523598
560248,Bastien,Meupiyou Menadjou,Meupiyou,496917
560262,Junior,Kroupi,Kroupi.Jr,479170
560552,Kevin,Santos Lopes de Macedo,Kevin,429174
563324,Brayden,Clarke,Clarke,559891
563883,Vincent,Angelini,Angelini,429599
563934,Tyrese,Hall,Hall,527306
564406,Eliezer,Mayenda Dossou,Mayenda,494670
564505,Sam,Proctor,Proctor,512312
564940,Soungoutou,Magassa,S.Magassa,443815
565297,Mateo,Joseph Fernández-Regatillo,Mateo Joseph,463233
565431,Callum,Marshall,Marshall,484501
565858,Killian,Cahill,Cahill,499656
565863,Sam,Chambers,Chambers,537889
566213,Stephen,Mfuni,Mfuni,534073
567119,Shumaira,Mheuka,Mheuka,544167
567121,Joe,Knight,Knight,551871
568791,Callan,McKenna,McKenna,515753
569014,Eric,da Silva Moreira,Da Silva Moreira,518913
569577,Triston,Rowe,Rowe,540464
570241,Kim,Ji-soo,Ji-soo,492686
570526,Lucas,Bergvall,Bergvall,505295
572702,Keiber,Lamadrid,Lamadrid,600774
573062,Martial,Godo,Godo,454749
573808,Jack,Grieves,Grieves,438304
574398,Franco,Umeh-Chibueze,Umeh,517286
574402,Mark,O’Mahony,O’Mahony,509424
574458,Mamadou,Sarr,M.Sarr,467913
574799,Damola,Ajayi,Ajayi,541187
575034,Ethan,Wheatley,Wheatley,523346
575204,Claudio,Echeverri,Echeverri,478241
575458,Jair,Paula da Cunha Filho,Jair Cunha,443545
575476,Murillo,Costa dos Santos,Murillo,445424
575901,Julio,Soler Barreto,Soler,437310
576620,Bendito,Mantato,Bendito Mantato,559774
576628,Shea,Lacey,Lacey,563779
576637,Godwill,Kukonki,Kukonki,547692
576980,Zach,Marsh,Marsh,492372
577016,Josh,Acheampong,Acheampong,518604
577114,Luis Guilherme,Lira dos Santos,L.Guilherme,478319
577285,George,Hemmings,George Hemmings,576066
577669,Noah,Sadiki,Sadiki,437449
577725,Josh,King,King,515865
577731,Ben,Broggio,Broggio,540466
577974,Harry,Amass,Amass,470680
578153,Abdukodir,Khusanov,Khusanov,493206
578545,Kosta,Nedeljković,Nedeljkovic,492955
578614,Enock,Agyei,Boateng,472927
579075,Asher,Agbinone,Agbinone,534896
580921,Reigan,Heskey,Heskey,534462
585472,Ryan,Oné,Oné,506728
586268,Ármin,Pécsi,Pécsi,519492
586309,Thierno,Barry,Barry,537713
588555,Elyh,Harrison,Harrison,492376
588793,Maldini,Kacurri,Kacurri,539715
588796,Ismeal,Kabia,Kabia,539716
589100,Jacob,Slater,Slater,447722
589114,Zack,Nelson,Nelson,447731
589121,Ethan,Sutherland,Sutherland,491702
589507,Leon,Chiwome,Chiwome,518340
590012,Caleb,Kporha,Kporha,534895
590014,Rio,Cardines,Cardines,561659
590035,Yusuf,Akhamrich,Akhamrich,572661
590039,Divine,Mukasa,Mukasa,576821
590760,Daniel,Adu-Adjei,Adu-Adjei,468929
591357,Ryan,Trevitt,Trevitt,454756
591382,Genesis,Antwi,Genesis Antwi,555021
591384,George,King,King,570005
591385,Samuel,Amissah,Amissah,492689
591386,Trey,Nyoni,Nyoni,509423
591538,Owen,Hampson,Hampson,525560
591539,Billy,Blacker,Blacker,517009
592031,Yankuba,Minteh,Minteh,484175
592436,Travis,Hernes,Hernes,455133
592661,Tristan,Crama,Crama,461505
592662,Tony,Yogane,Yogane,533685
592712,Tom,Taylor,Tom Taylor,554706
592736,Maeson,King,King,546932
593001,Enso,González Medina,Gonzalez,455760
593174,Kaye,Furo,Furo,542805
596042,Kieran,Morrison,Morrison,551573
596047,Chido,Obi,Obi,553325
596054,Tom,Edozie,Edozie,546622
596572,Michael,Dacosta Gonzalez,Dacosta Gonzalez,471270
596777,Patrick,Dorgu,Dorgu,495260
597320,Harry,Howell,Howell,558409
597983,Ollie,Harrison,Harrison,516952
599303,Sean,Neave,Neave,552461
600882,Harry,Gray,Gray,558919
601496,Jili,Buyabu,Buyabu,460778
601956,Saheed,Olagunju,Olagunju,605053
602903,Ezra,Mayers,Mayers,547084
602934,Fletcher,Holman,Holman,518914
604211,Tymur,Tutierov,Tutierov,538450
604988,Freddie,Simmonds,Simmonds,558408
605319,Luke,Rawlings,Rawlings,534897
606689,Romelle,Donovan,Donovan,471696
606745,Ayden,Heaven,Heaven,517341
606774,Remy,Rees-Dottin,Rees-Dottin,549379
606775,Ben,Winterburn,Winterburn,547069
606798,Andrés,García,A.García,469329
606921,Romain,Esse,Esse,469485
607464,Michael,Kayode,Kayode,470031
608060,Jayden,Luker,Luker,470737
608181,Stefanos,Tzimas,Tzimas,519565
609640,Mathis,Amougou,Amougou,511364
609873,Harrison,Armstrong,Armstrong,535879
610799,Luka,Vušković,Vuskovic,533010
611011,Joseph,Johnson,Johnson,473957
611912,Landon,Emenalo,Emenalo,558697
611917,Lucá,Williams-Barnett,Williams-Barnett,545662
611920,Malachi,Hardy,Hardy,546642
611922,Rio,Ngumoha,Ngumoha,548566
611926,Amara,Nallo,Nallo,517768
612534,Benjamin,Fredrick,Fredrick,513405
613120,Spike,Brits,Brits,549309
613467,Wes,Okoduwa,Okoduwa,517909
613804,El Hadji Malick,Diouf,Diouf,479288
614574,Alex,Tóth,Tóth.A,476166
616059,Jack,Porter,Porter,540048
616065,Marli,Salmon,Salmon,571992
616077,Max,Dowman,Dowman,571994
616094,Dovydas,Sasnauskas,Sasnauskas,517585
616221,João Victor,de Souza Menezes,Souza,549079
616222,Vitor,de Oliveira Nunes dos Reis,Vitor Reis,478314
616288,Ryan,McAidoo,McAidoo,584927
617054,Deivid Washington,de Souza Eugênio,Deivid,478451
618027,TJ,Carroll,Carroll,605391
618873,Sékou,Koné,Kone,553324
619146,Olabade,Aluko,Olabade Aluko,558410
619536,Seth,Ridgeon,Ridgeon,597683
620408,Joachim,Kayi-Sanda,Kayi Sanda,511704
620487,Veljko,Milosavljevic,Milosavljević,510940
622536,Benjamin,Arthur,Arthur,496342
622758,Aarón,Anselmino,Anselmino,484211
623095,Yang,Min-hyeok,Min-hyeok,549454
623110,Seung-Soo,Park,Seung soo,573458
624773,Estêvão,Almeida de Oliveira Gonçalves,Estêvão,510728
626464,Gustavo,Nunes Fernandes Gomes,Nunes,492869
626844,Milan,Aleksić,Aleksić,538488
628204,Yunus Emre,Konak,Konak,495584
629068,Braiden,Graham,Graham,582990
630664,Jake,Evans,Jake Evans,558411
630699,Mohamadou,Kanté,Mohamadou Kanté,511560
631106,Ben,Casey,Casey,603932
631786,Jonah,Kusi-Asare,Kusi-Asare,547830
632822,Archie,Harris,Harris,549315
634640,Christian,Chigozie,Chigozie,521698
640419,Jun'ai,Byfield,Byfield,572655
641221,Pedro,Cardoso de Lima,Pedro Lima,532920
643135,Fer,López González,Fer López,544982
643426,Dean,Benamar,Benamar,574690
643473,Airidas,Golambeckis,Golambeckis,572171
645618,Bradley,Burrowes,Burrowes,550064
646243,Andre,Harriman-Annous,Harriman-Annous,571995
646754,Lander,Emery,Emery,527644
647597,Dominic,Dos Santos Martins,Martins,518664
647671,Mateus,Mané,Mané,554310
647681,Giovanni,Leoni,Leoni,516040
647850,Charalampos,Kostoulas,Kostoulas,533923
647960,Oliver,Pimlott,Pimlott,581382
649208,Jeremy,Monga,Monga,552366
651426,Jaydee,Canvot,Canvot,531676
653481,Alysson Edward Franco,da Rocha dos Santos,Alysson,520919
658013,Charlie,Stevens,Stevens,606358
660392,Christantus,Uche,Uche,531674
661712,Diego,León Blanco,D.Leon,533375
664015,Leon,Routh,Leon Routh,605159
666607,Sam,Alabi,Alabi,601986
672492,Joél,Drakes-Thomas,Drakes-Thomas,603933
678552,Malcom,DaCosta,DaCosta,602543
685628,Jerome,Abbey,Abbey,607348
699989,Djiamgone Jocelin Ta,Bi,Jocelin.T,606073
704232,George,Brierley,Brierley,584317
